web-scraper-order,web-scraper-start-url,links,links-href,brand,price,color,size and fit,fabric and care,pages,pages-href
1755873163-1,https://carbon38.com/en-in/collections/tops?filter.p.m.custom.available_or_waitlist=1,Oversized Raglan Sleeve Hooded Top W Mesh,https://carbon38.com/en-in/products/oversized-raglan-sleeve-hooded-top-w-mesh-black?_pos=298&_fid=a377d3121&_ss=c,NORMA KAMALI,"Rs. 24,500.00",Black,Fits oversized.  Model is wearing size S.,"4-way stretch Terry and Mesh.

Terry Composition: 95% cotton 5% spandex. Mesh Composition: 82% nylon 18% spandex.

For the long life of this easy care style, please follow the directions: machine wash cold, gentle cycle, tumble dry low, cool iron, do not dry clean.",4,https://carbon38.com/en-in/collections/tops?filter.p.m.custom.available_or_waitlist=1&page=4&filter.p.m.custom.available_or_waitlist=1
1755873189-2,https://carbon38.com/en-in/collections/tops?filter.p.m.custom.available_or_waitlist=1,Super OS Sleeveless BF NK Shirt Flared Mini Dress,https://carbon38.com/en-in/products/super-os-sleeveless-bf-nk-shirt-flared-mini-dress-black?_pos=297&_fid=a377d3121&_ss=c,NORMA KAMALI,"Rs. 31,200.00",Black,Model is wearing size S.,"Wash in cold water with like colors, do not bleach, lay flat to dry, cool iron only, do not dry clean.",4,https://carbon38.com/en-in/collections/tops?filter.p.m.custom.available_or_waitlist=1&page=4&filter.p.m.custom.available_or_waitlist=1
1755873215-3,https://carbon38.com/en-in/collections/tops?filter.p.m.custom.available_or_waitlist=1,Super OS Sleeveless BF NK Shirt Bodysuit,https://carbon38.com/en-in/products/super-os-sleeveless-bf-nk-shirt-bodysuit-snow-white?_pos=296&_fid=a377d3121&_ss=c,NORMA KAMALI,"Rs. 18,800.00",Snow White,Model is wearing size S.,"Wash in cold water with like colors, do not bleach, lay flat to dry, cool iron only, do not dry clean.",4,https://carbon38.com/en-in/collections/tops?filter.p.m.custom.available_or_waitlist=1&page=4&filter.p.m.custom.available_or_waitlist=1
1755873226-4,https://carbon38.com/en-in/collections/tops?filter.p.m.custom.available_or_waitlist=1,Oversized Raglan Sleeve hooded Mini Dress W Mesh,https://carbon38.com/en-in/products/oversized-raglan-sleeve-hooded-mini-dress-w-mesh-snow-white?_pos=295&_fid=a377d3121&_ss=c,NORMA KAMALI,"Rs. 25,500.00",Snow White,Model is wearing size S.,"Machine wash cold, gentle cycle, tumble dry low, cool iron, do not dry clean.",4,https://carbon38.com/en-in/collections/tops?filter.p.m.custom.available_or_waitlist=1&page=4&filter.p.m.custom.available_or_waitlist=1
1755873252-5,https://carbon38.com/en-in/collections/tops?filter.p.m.custom.available_or_waitlist=1,Long Sleeve Turtle Bodysuit,https://carbon38.com/en-in/products/long-sleeve-turtle-bodysuit-elm?_pos=294&_fid=a377d3121&_ss=c,NORMA KAMALI,"Rs. 17,800.00",Elm,"4-way stretch Poly Lycra.

Composition: 95% polyester 5% elastane



For the long life of this easy care style, please follow the directions: wash in cold water with like colors, only non-chlorine bleach as needed, lay flat to dry, cool iron only, do not dry clean.","4-way stretch Poly Lycra.

Composition: 95% polyester 5% elastane



For the long life of this easy care style, please follow the directions: wash in cold water with like colors, only non-chlorine bleach as needed, lay flat to dry, cool iron only, do not dry clean.",4,https://carbon38.com/en-in/collections/tops?filter.p.m.custom.available_or_waitlist=1&page=4&filter.p.m.custom.available_or_waitlist=1
1755873275-6,https://carbon38.com/en-in/collections/tops?filter.p.m.custom.available_or_waitlist=1,Drop Shoulder top,https://carbon38.com/en-in/products/drop-shoulder-top-black?_pos=293&_fid=a377d3121&_ss=c,NORMA KAMALI,"Rs. 8,200.00",Black,Model is wearing size S.,"Hand wash cool water, line dry, do not dry clean.",4,https://carbon38.com/en-in/collections/tops?filter.p.m.custom.available_or_waitlist=1&page=4&filter.p.m.custom.available_or_waitlist=1
1755873301-7,https://carbon38.com/en-in/collections/tops?filter.p.m.custom.available_or_waitlist=1,Slim Fit Long Sleeve Turtle Top,https://carbon38.com/en-in/products/slim-fit-long-sleeve-turtle-top-black?_pos=292&_fid=a377d3121&_ss=c,NORMA KAMALI,"Rs. 18,800.00",Black,,,4,https://carbon38.com/en-in/collections/tops?filter.p.m.custom.available_or_waitlist=1&page=4&filter.p.m.custom.available_or_waitlist=1
1755873328-8,https://carbon38.com/en-in/collections/tops?filter.p.m.custom.available_or_waitlist=1,Super Oversized Boyfriend NK Shirt Bodysuit,https://carbon38.com/en-in/products/super-oversized-boyfriend-nk-shirt-bodysuit-elm?_pos=291&_fid=a377d3121&_ss=c,NORMA KAMALI,"Rs. 26,400.00",Elm,,,4,https://carbon38.com/en-in/collections/tops?filter.p.m.custom.available_or_waitlist=1&page=4&filter.p.m.custom.available_or_waitlist=1
1755873354-9,https://carbon38.com/en-in/collections/tops?filter.p.m.custom.available_or_waitlist=1,Mia Shirt Love,https://carbon38.com/en-in/products/mia-shirt-love-chambray-blue?_pos=290&_fid=a377d3121&_ss=c,KERRI ROSENTHAL,"Rs. 25,800.00",Chambray Blue,"Fits true to size. Model is wearing a size small. Body length is 28 1/2"", size small. Classic fit","100% Cotton Denim

Machine wash in cold water, gentle cycle, with similar colors. Do not bleach, tumble dry low",4,https://carbon38.com/en-in/collections/tops?filter.p.m.custom.available_or_waitlist=1&page=4&filter.p.m.custom.available_or_waitlist=1
1755873380-10,https://carbon38.com/en-in/collections/tops?filter.p.m.custom.available_or_waitlist=1,Half Zip With Contrast Stripe in Scuba,https://carbon38.com/en-in/products/half-zip-with-contrast-stripe-ivory?_pos=289&_fid=a377d3121&_ss=c,CARBON38,"Rs. 14,300.00",Ivory,Model is wearing size S. Fits true to size.,"55% Nylon, 38% Rayon, 7% Spandex

Machine Wash Cold w/ Like Colors

Do Not Bleach

Line Dry

Cool Iron if needed",4,https://carbon38.com/en-in/collections/tops?filter.p.m.custom.available_or_waitlist=1&page=4&filter.p.m.custom.available_or_waitlist=1
1755873414-11,https://carbon38.com/en-in/collections/tops?filter.p.m.custom.available_or_waitlist=1,Long Sleeve Shrug in French Terry,https://carbon38.com/en-in/products/fleece-shrug-white?_pos=288&_fid=3023b071c&_ss=c,CARBON38,"Rs. 13,300.00",White,,"50% Cotton 50% Modal

Machine wash with like colors on cold

Tumble Dry Low",3,https://carbon38.com/en-in/collections/tops?filter.p.m.custom.available_or_waitlist=1&page=3&filter.p.m.custom.available_or_waitlist=1
1755873441-12,https://carbon38.com/en-in/collections/tops?filter.p.m.custom.available_or_waitlist=1,Long Sleeve Shrug in French Terry,https://carbon38.com/en-in/products/fleece-shrug-black?_pos=287&_fid=3023b071c&_ss=c,CARBON38,"Rs. 13,300.00",Black,Model is wearing size S.,,3,https://carbon38.com/en-in/collections/tops?filter.p.m.custom.available_or_waitlist=1&page=3&filter.p.m.custom.available_or_waitlist=1
1755873467-13,https://carbon38.com/en-in/collections/tops?filter.p.m.custom.available_or_waitlist=1,Tierney Boucle Coatigan With Scarf,https://carbon38.com/en-in/products/tierney-boucle-coatigan-with-scarf-black-with-sea-salt-stitch?_pos=286&_fid=3023b071c&_ss=c,525,"Rs. 13,000.00",Black with Sea Salt Stitch,"Relaxed fit Length: 26"" Model is wearing size S.","56% Polyester, 19% Nylon, 12% Cotton, 11% Acrylic, 2% Spandex

Machine wash, tumble dry low.",3,https://carbon38.com/en-in/collections/tops?filter.p.m.custom.available_or_waitlist=1&page=3&filter.p.m.custom.available_or_waitlist=1
1755873493-14,https://carbon38.com/en-in/collections/tops?filter.p.m.custom.available_or_waitlist=1,Rocky Ridge Pullover,https://carbon38.com/en-in/products/rocky-ridge-pullover-4166-red-orange?_pos=285&_fid=3023b071c&_ss=c,,"Rs. 13,800.00",Red/Orange,Measurements for size small Bust: 52.25 in Length: 24 in Model is wearing size S.,Machine Wash Cold,3,https://carbon38.com/en-in/collections/tops?filter.p.m.custom.available_or_waitlist=1&page=3&filter.p.m.custom.available_or_waitlist=1
1755873520-15,https://carbon38.com/en-in/collections/tops?filter.p.m.custom.available_or_waitlist=1,Classic Soleil Sport Crew Neck Sweatshirt,https://carbon38.com/en-in/products/classic-soleil-sport-crew-neck-sweatshirt-spectrum-blue-1?_pos=283&_fid=3023b071c&_ss=c,BANDIER,"Rs. 9,500.00",Spectrum Blue,Model is wearing size S.,,3,https://carbon38.com/en-in/collections/tops?filter.p.m.custom.available_or_waitlist=1&page=3&filter.p.m.custom.available_or_waitlist=1
1755873546-16,https://carbon38.com/en-in/collections/tops?filter.p.m.custom.available_or_waitlist=1,Mimi Long Sleeve Knit Sweater,https://carbon38.com/en-in/products/mimi-long-sleeve-knit-sweater-breton-stripe-cream-blue?_pos=282&_fid=3023b071c&_ss=c,,"Rs. 23,700.00",Breton Stripe Cream/Blue,This item has a slim fit 62 cm at center back for size M Model is wearing size S.,"Fabrics: 45 % acrylic, 30 % merino wool, 25 % polyamide

• Machine wash on wool cycle at 30 degrees Celsius

• Do not dry clean

• Do not tumble dry

• Cool iron

• Do not bleach

• Use a (wool wash) liquid detergent without bleach

• Wash and iron inside out

• Dry flat

• Do not soak in detergent",3,https://carbon38.com/en-in/collections/tops?filter.p.m.custom.available_or_waitlist=1&page=3&filter.p.m.custom.available_or_waitlist=1
1755873553-17,https://carbon38.com/en-in/collections/tops?filter.p.m.custom.available_or_waitlist=1,Pearl Embellished Sweater,https://carbon38.com/en-in/products/pearl-embellished-sweater-rose-cloud?_pos=281&_fid=3023b071c&_ss=c,CARBON38,"Rs. 13,800.00",Rose Cloud,Fits true to size. Model is wearing size small.  Model is wearing size S.,"59%ACRYLIC 31%NYLON 10%WOOL

HAND WASH COLD. DO NOT BLEACH. DO NOT TUMBLE DRY - RESHAPE AND LAY FLAT. DO NOT IRON.",3,https://carbon38.com/en-in/collections/tops?filter.p.m.custom.available_or_waitlist=1&page=3&filter.p.m.custom.available_or_waitlist=1
1755873579-18,https://carbon38.com/en-in/collections/tops?filter.p.m.custom.available_or_waitlist=1,Woodstock Viva Crochet Top,https://carbon38.com/en-in/products/woodstock-viva-crochet-top-multi?_pos=280&_fid=3023b071c&_ss=c,THE UPSIDE,"Rs. 15,600.00",Multi Scallop,True To Size Model is wearing size S.,"100% Cotton

Hand Wash With Similar Colour. Wash In Cold Water. Do Not Soak, Bleach Or Wring. Reshape Whilst Damp. Dry Flat In Shade. Do Not Tumble Dry. No Iron. Do Not Dry Clean.",3,https://carbon38.com/en-in/collections/tops?filter.p.m.custom.available_or_waitlist=1&page=3&filter.p.m.custom.available_or_waitlist=1
1755873605-19,https://carbon38.com/en-in/collections/tops?filter.p.m.custom.available_or_waitlist=1,Wrap Neck Tank,https://carbon38.com/en-in/products/wrap-neck-tank-white?_pos=279&_fid=3023b071c&_ss=c,CARBON38,"Rs. 8,900.00",White,Model is wearing size S.,"Machine Wash Cold with Like Colors

Do Not Bleach

Line Dry

Low Iron

Do Not Dry Clean



78% Recycled Nylon 22% Elastane



FABRIC: UV PROTECTANT, RECYCLED YARN & BREATHABLE BACK MESH PANEL",3,https://carbon38.com/en-in/collections/tops?filter.p.m.custom.available_or_waitlist=1&page=3&filter.p.m.custom.available_or_waitlist=1
1755873632-20,https://carbon38.com/en-in/collections/tops?filter.p.m.custom.available_or_waitlist=1,The Travel Sweater,https://carbon38.com/en-in/products/sweater-cardigan-multi-color?_pos=278&_fid=3023b071c&_ss=c,CARBON38,"Rs. 16,200.00",Multi,,,3,https://carbon38.com/en-in/collections/tops?filter.p.m.custom.available_or_waitlist=1&page=3&filter.p.m.custom.available_or_waitlist=1
1755873658-21,https://carbon38.com/en-in/collections/tops?filter.p.m.custom.available_or_waitlist=1,Run Top in Melt,https://carbon38.com/en-in/products/rash-guard-run-top-acid-lime?_pos=277&_fid=3023b071c&_ss=c,CARBON38,"Rs. 8,900.00",ACID LIME,,,3,https://carbon38.com/en-in/collections/tops?filter.p.m.custom.available_or_waitlist=1&page=3&filter.p.m.custom.available_or_waitlist=1
1755873685-22,https://carbon38.com/en-in/collections/tops?filter.p.m.custom.available_or_waitlist=1,Cut Out Halter Neck Ribbed Cami,https://carbon38.com/en-in/products/cut-out-halterneck-cami-dark-teal?_pos=276&_fid=3023b071c&_ss=c,CARBON38,"Rs. 2,500.00",Dark Teal,,,3,https://carbon38.com/en-in/collections/tops?filter.p.m.custom.available_or_waitlist=1&page=3&filter.p.m.custom.available_or_waitlist=1
1755873693-23,https://carbon38.com/en-in/collections/tops?filter.p.m.custom.available_or_waitlist=1,Fleece Back Half Zip Top,https://carbon38.com/en-in/products/fleece-back-half-zip-top-dark-olive-acid-lime?_pos=275&_fid=3023b071c&_ss=c,CARBON38,"Rs. 12,100.00",Dark Olive/ Acid Lime,Model is wearing size S.,"85%POLYAMIDE 15%ELASTANCE

MACHINE WASH COLD WITH LIKE COLORS GENTLE CYCLE. DO NOT BLEACH. TUMBLE DRY LOW. COOL IRON. DRY CLEANABLE.",3,https://carbon38.com/en-in/collections/tops?filter.p.m.custom.available_or_waitlist=1&page=3&filter.p.m.custom.available_or_waitlist=1
1755873719-24,https://carbon38.com/en-in/collections/tops?filter.p.m.custom.available_or_waitlist=1,FRENCH TERRY HALF ZIP,https://carbon38.com/en-in/products/french-terry-half-zip-clearly-aqua?_pos=274&_fid=3023b071c&_ss=c,CARBON38,"Rs. 9,000.00",CLEARLY AQUA,True to size. Model is in a size small. Model is wearing size S.,"Machine Wash Cold, Inside Out, With Other Like Colors/ Do Not Bleach / Tumble Dry, Low Temp / Do not Iron / Do not Dry Clean.



60% Organic Cotton 28% Recycled Cotton 14% Polyester",3,https://carbon38.com/en-in/collections/tops?filter.p.m.custom.available_or_waitlist=1&page=3&filter.p.m.custom.available_or_waitlist=1
1755873745-25,https://carbon38.com/en-in/collections/tops?filter.p.m.custom.available_or_waitlist=1,Long Sleeve Printed Base Layer,https://carbon38.com/en-in/products/mock-neck-s-top-black-white?_pos=273&_fid=3023b071c&_ss=c,CARBON38,"Rs. 12,100.00",Buffalo Plaid,Fits like a base layer - a bit more snug. Model is wearing a size small.  Model is wearing size S.,"81% Nylon 19% Spandex

MACHINE WASH COLD W/ LIKE COLORS. NO BLEACH. HANG TO DRY. DO NOT IRON. NO DRY CLEANING.",3,https://carbon38.com/en-in/collections/tops?filter.p.m.custom.available_or_waitlist=1&page=3&filter.p.m.custom.available_or_waitlist=1
1755873771-26,https://carbon38.com/en-in/collections/tops?filter.p.m.custom.available_or_waitlist=1,Long Sleeve Wrap Neck Shirt,https://carbon38.com/en-in/products/l-s-wrap-neck-shirt-white?_pos=272&_fid=3023b071c&_ss=c,CARBON38,"Rs. 10,500.00",White,,"Machine Wash Cold with Like Colors

Do Not Bleach

Line Dry

Low Iron

Do Not Dry Clean



78% Recycled Nylon 22% Elastane 



FABRIC: UV PROTECTANT, RECYCLED YARN & BREATHABLE BACK MESH PANEL",3,https://carbon38.com/en-in/collections/tops?filter.p.m.custom.available_or_waitlist=1&page=3&filter.p.m.custom.available_or_waitlist=1
1755873798-27,https://carbon38.com/en-in/collections/tops?filter.p.m.custom.available_or_waitlist=1,Twisted Tunic Shirt,https://carbon38.com/en-in/products/twisted-tunic-shirt-white-tan-stripe?_pos=271&_fid=3023b071c&_ss=c,CARBON38,"Rs. 12,100.00",White/Tan Stripe,Fits true to size. Model is wearing a size small.  Model is wearing size S.,"65% COTTON 32% NYLON 3% SPANDEX

MACHINE WASH COLD W/ LIKE COLORS. DO NOT BLEACH. HANG TO DRY. COOL IRON",3,https://carbon38.com/en-in/collections/tops?filter.p.m.custom.available_or_waitlist=1&page=3&filter.p.m.custom.available_or_waitlist=1
1755873824-28,https://carbon38.com/en-in/collections/tops?filter.p.m.custom.available_or_waitlist=1,Mesh Off Shoulder Top,https://carbon38.com/en-in/products/mesh-off-shoulder-top-black?_pos=270&_fid=3023b071c&_ss=c,CARBON38,"Rs. 11,300.00",Black,Fits true to size. Model is wearing size small.  Model is wearing size S.,"95%POLYESTER 5%SPANDEX

MACHINE WASH COLD. DO NOT BLEACH. HANG TO DRY. DO NOT IRON. DRY CLEANABLE.",3,https://carbon38.com/en-in/collections/tops?filter.p.m.custom.available_or_waitlist=1&page=3&filter.p.m.custom.available_or_waitlist=1
1755873832-29,https://carbon38.com/en-in/collections/tops?filter.p.m.custom.available_or_waitlist=1,Ombre French Terry Half Zip / Cactus,https://carbon38.com/en-in/products/ombre-french-terry-half-zip-cactus-caramel-cafe-to-rose-cloud?_pos=269&_fid=3023b071c&_ss=c,CARBON38,"Rs. 10,300.00",Caramel Cafe to Rose Cloud,Model is wearing size S.,"60% Organic Cotton, 28% Recycled Cotton, 14% Polyester. Machine Wash Cold, Inside Out, With Like colors",3,https://carbon38.com/en-in/collections/tops?filter.p.m.custom.available_or_waitlist=1&page=3&filter.p.m.custom.available_or_waitlist=1
1755873858-30,https://carbon38.com/en-in/collections/tops?filter.p.m.custom.available_or_waitlist=1,SLEEVELESS MOCK NECK TOP IN MELT,https://carbon38.com/en-in/products/sleeveless-mock-neck-top-black?_pos=268&_fid=3023b071c&_ss=c,CARBON38,"Rs. 9,600.00",BLACK,,"Machine Wash Cold w/ Like Colors // No Bleach// Hang to Dry// Do not iron // Do not dry clean. 



81% Nylon 19% Spandex",3,https://carbon38.com/en-in/collections/tops?filter.p.m.custom.available_or_waitlist=1&page=3&filter.p.m.custom.available_or_waitlist=1
1755873885-31,https://carbon38.com/en-in/collections/tops?filter.p.m.custom.available_or_waitlist=1,Tank In Diamond Compression,https://carbon38.com/en-in/products/tank-in-diamond-compression-black?_pos=267&_fid=3023b071c&_ss=c,CARBON38,"Rs. 4,400.00",Black,,"Machine wash cold, Tumble dry low",3,https://carbon38.com/en-in/collections/tops?filter.p.m.custom.available_or_waitlist=1&page=3&filter.p.m.custom.available_or_waitlist=1
1755873912-32,https://carbon38.com/en-in/collections/tops?filter.p.m.custom.available_or_waitlist=1,RHINESTONE OVERSIZED BUTTON UP SHIRT,https://carbon38.com/en-in/products/rhinestone-oversized-button-up-shirt-blue-with-silver-rhinestones?_pos=266&_fid=3023b071c&_ss=c,CARBON38,"Rs. 8,500.00",Blue with Silver Rhinestones,OVERSIZED. Model is in a size small. Model is wearing size S.,65% COTTON 32% NYLON 3% SPANDEX. MACHINE WASH COLD. NO BLEACH. LINE DRY. LOW IRON. DO NOT DRY CLEAN.,3,https://carbon38.com/en-in/collections/tops?filter.p.m.custom.available_or_waitlist=1&page=3&filter.p.m.custom.available_or_waitlist=1
1755873934-33,https://carbon38.com/en-in/collections/tops?filter.p.m.custom.available_or_waitlist=1,Ribbed Tank,https://carbon38.com/en-in/products/ribbed-tank-1-black?_pos=265&_fid=3023b071c&_ss=c,CARBON38,"Rs. 3,700.00",Black,,"85 NYLON, 15 SPANDEX. 



MACHINE WASH COLD WITH OTHER LIKE COLORS. DO NOT BLEACH. TUMBLE DRY LOW. COOL IRON IF NEEDED.",3,https://carbon38.com/en-in/collections/tops?filter.p.m.custom.available_or_waitlist=1&page=3&filter.p.m.custom.available_or_waitlist=1
1755873961-34,https://carbon38.com/en-in/collections/tops?filter.p.m.custom.available_or_waitlist=1,Zip Long Sleeve Run Top,https://carbon38.com/en-in/products/zip-long-sleeve-run-top-charcoal-grey?_pos=264&_fid=3023b071c&_ss=c,CARBON38,"Rs. 9,600.00",Charcoal Heather,,"Machine wash cold with like colors/ do not bleach / hang dry / do not iron / do not dry clean.



87% POLYESTER 13% SPANDEX",3,https://carbon38.com/en-in/collections/tops?filter.p.m.custom.available_or_waitlist=1&page=3&filter.p.m.custom.available_or_waitlist=1
1755873971-35,https://carbon38.com/en-in/collections/tops?filter.p.m.custom.available_or_waitlist=1,Top,https://carbon38.com/en-in/products/top-multicolor-blue-green-and-orange-tones?_pos=263&_fid=3023b071c&_ss=c,MISSONI,"Rs. 20,500.00",Multicolor,Model is wearing size S.,"EXTERNAL:95%Polyester, 5%Elastane

Machine wash cold. Lay flat to dry",3,https://carbon38.com/en-in/collections/tops?filter.p.m.custom.available_or_waitlist=1&page=3&filter.p.m.custom.available_or_waitlist=1
1755873997-36,https://carbon38.com/en-in/collections/tops?filter.p.m.custom.available_or_waitlist=1,Reversible Boucle Sweater,https://carbon38.com/en-in/products/reversible-boucle-sweater-off-white?_pos=262&_fid=3023b071c&_ss=c,CARBON38,"Rs. 13,800.00",Off White,Fits true to size. Model is wearing a size small. Model is wearing size S.,"15% Wool 47% Acrylic 35% Nylon 3% Spandex



Machine wash cold with like colors, do not bleach, lay flat to dry.",3,https://carbon38.com/en-in/collections/tops?filter.p.m.custom.available_or_waitlist=1&page=3&filter.p.m.custom.available_or_waitlist=1
1755874024-37,https://carbon38.com/en-in/collections/tops?filter.p.m.custom.available_or_waitlist=1,Short Sleeve Pocket Tee,https://carbon38.com/en-in/products/short-sleeve-pocket-tee-silversage?_pos=261&_fid=3023b071c&_ss=c,CARBON38,"Rs. 6,400.00",Silversage,,50% Cotton 50% Modal. MACHINE WASH COLD W/ LIKE COLORS. DO NOT BLEACH. TUMBLE DRY LOW.,3,https://carbon38.com/en-in/collections/tops?filter.p.m.custom.available_or_waitlist=1&page=3&filter.p.m.custom.available_or_waitlist=1
1755874050-38,https://carbon38.com/en-in/collections/tops?filter.p.m.custom.available_or_waitlist=1,Long Sleeve Wrap Top in Melt,https://carbon38.com/en-in/products/long-sleeve-wrap-top-acid-lime?_pos=260&_fid=3023b071c&_ss=c,CARBON38,"Rs. 9,000.00",Acid Lime,,"94% VISCOSE 6% ELASTANE

HAND WASH, DO NOT BLEACH, DRY FLAT, LOW IRON, DRY CLEANABLE",3,https://carbon38.com/en-in/collections/tops?filter.p.m.custom.available_or_waitlist=1&page=3&filter.p.m.custom.available_or_waitlist=1
1755874076-39,https://carbon38.com/en-in/collections/tops?filter.p.m.custom.available_or_waitlist=1,Pleated Back Tank in Melt,https://carbon38.com/en-in/products/pleated-back-tank-silver-sage-acid-lime?_pos=259&_fid=3023b071c&_ss=c,CARBON38,"Rs. 9,000.00",Silversage / Acid Lime,,"81%NYLON 19%SPANDEX

MACHINE WASH GENTLE

DO NOT IRON | DO NOT BLEACH | LAY FLAT TO DRY/ DO NOT TUMBLE DRY.",3,https://carbon38.com/en-in/collections/tops?filter.p.m.custom.available_or_waitlist=1&page=3&filter.p.m.custom.available_or_waitlist=1
1755874098-40,https://carbon38.com/en-in/collections/tops?filter.p.m.custom.available_or_waitlist=1,Colorblock Half Zip Top in Melt,https://carbon38.com/en-in/products/colorblock-half-zip-top-silversage-acid-lime?_pos=258&_fid=3023b071c&_ss=c,CARBON38,"Rs. 11,300.00",Silversage / Acid Lime,,81% Nylon 19% Spandex. MACHINE WASH COLD WITH OTHERR LIKE COLORS. DO NOT BLEACH. HANG TO DRY. DO NOT IRON. DO NOT DRY CLEAN.,3,https://carbon38.com/en-in/collections/tops?filter.p.m.custom.available_or_waitlist=1&page=3&filter.p.m.custom.available_or_waitlist=1
1755874111-41,https://carbon38.com/en-in/collections/tops?filter.p.m.custom.available_or_waitlist=1,Colorblock High Neck Tank,https://carbon38.com/en-in/products/colorblock-high-neck-tank-silversage-acid-lime?_pos=257&_fid=3023b071c&_ss=c,CARBON38,"Rs. 8,900.00",Silversage / Acid Lime,,"81% Nylon 19% Spandex

MACHINE WASH COLD W/ LIKE COLORS

DO NOT BLEACH

HANG TO DRY 

DO NOT IRON",3,https://carbon38.com/en-in/collections/tops?filter.p.m.custom.available_or_waitlist=1&page=3&filter.p.m.custom.available_or_waitlist=1
1755874137-42,https://carbon38.com/en-in/collections/tops?filter.p.m.custom.available_or_waitlist=1,Puff Sleeve Tee,https://carbon38.com/en-in/products/puff-sleeve-tee-muted-clay?_pos=256&_fid=3023b071c&_ss=c,CARBON38,"Rs. 9,600.00",Muted Clay,Fits true to size. Model is wearing a size small. Model is wearing size S.,"50% Cotton 50% Modal/

Machine was cold. Do not bleach. Tumble dry low.",3,https://carbon38.com/en-in/collections/tops?filter.p.m.custom.available_or_waitlist=1&page=3&filter.p.m.custom.available_or_waitlist=1
1755874164-43,https://carbon38.com/en-in/collections/tops?filter.p.m.custom.available_or_waitlist=1,Cassia Polo,https://carbon38.com/en-in/products/cassia-polo-papaya?_pos=255&_fid=3023b071c&_ss=c,,"Rs. 12,200.00",Papaya,This item has a slim fit 59 cm from highest shoulder point to hem for size M Model is 180 cm tall and is wearing a size M Model is wearing size S.,"• Wash at 30 degrees with care

• Do not bleach

• Do not iron

• Do not tumble dry

• Do not dry clean

• Wash with similar colors

• Do not use softener

• Wash inside out",3,https://carbon38.com/en-in/collections/tops?filter.p.m.custom.available_or_waitlist=1&page=3&filter.p.m.custom.available_or_waitlist=1
1755874191-44,https://carbon38.com/en-in/collections/tops?filter.p.m.custom.available_or_waitlist=1,SLEEVELESS MOCK NECK TOP IN MELT,https://carbon38.com/en-in/products/sleeveless-mock-neck-top-white?_pos=254&_fid=3023b071c&_ss=c,CARBON38,"Rs. 9,600.00",WHITE,,"Machine Wash Cold w/ Like Colors // No Bleach// Hang to Dry// Do not iron // Do not dry clean. 



81% Nylon 19% Spandex",3,https://carbon38.com/en-in/collections/tops?filter.p.m.custom.available_or_waitlist=1&page=3&filter.p.m.custom.available_or_waitlist=1
1755874217-45,https://carbon38.com/en-in/collections/tops?filter.p.m.custom.available_or_waitlist=1,Fringe Mock Neck in Melt,https://carbon38.com/en-in/products/fringe-mock-neck-white?_pos=253&_fid=3023b071c&_ss=c,CARBON38,"Rs. 11,300.00",White,Model is wearing size S.,"81% Nylon 19% Spandex 

Machine wash cold with like colors on delicate cycle. Do not bleach. Reshape and lay flat to dry, do not tumble dry, do not iron, do not dry clean.",3,https://carbon38.com/en-in/collections/tops?filter.p.m.custom.available_or_waitlist=1&page=3&filter.p.m.custom.available_or_waitlist=1
1755874238-46,https://carbon38.com/en-in/collections/tops?filter.p.m.custom.available_or_waitlist=1,Ribbed Tank,https://carbon38.com/en-in/products/ribbed-tank-1-white?_pos=252&_fid=3023b071c&_ss=c,CARBON38,"Rs. 4,400.00",White,,"85 NYLON, 15 SPANDEX.



MACHINE WASH COLD WITH OTHER LIKE COLORS. DO NOT BLEACH. TUMBLE DRY LOW. COOL IRON IF NEEDED.",3,https://carbon38.com/en-in/collections/tops?filter.p.m.custom.available_or_waitlist=1&page=3&filter.p.m.custom.available_or_waitlist=1
1755874249-47,https://carbon38.com/en-in/collections/tops?filter.p.m.custom.available_or_waitlist=1,Long Sleeve T Shirt,https://carbon38.com/en-in/products/long-sleeve-t-shirt-red-blue-space?_pos=251&_fid=3023b071c&_ss=c,MISSONI,"Rs. 75,100.00",Red / Blue Space,,,3,https://carbon38.com/en-in/collections/tops?filter.p.m.custom.available_or_waitlist=1&page=3&filter.p.m.custom.available_or_waitlist=1
1755874276-48,https://carbon38.com/en-in/collections/tops?filter.p.m.custom.available_or_waitlist=1,One Shoulder Convertible Tank in Heather Melt,https://carbon38.com/en-in/products/one-shoulder-tank-hawthorn-rose-heather?_pos=250&_fid=3023b071c&_ss=c,CARBON38,"Rs. 8,900.00",Hawthorn Rose Heather,,"87% POLYESTER 13% SPANDEX

MACHINE WASH COLD WITH LIKE COLORS. NO BLEACH. HANG DRY. DO NOT IRON. DO NOT DRY CLEAN",3,https://carbon38.com/en-in/collections/tops?filter.p.m.custom.available_or_waitlist=1&page=3&filter.p.m.custom.available_or_waitlist=1
1755874303-49,https://carbon38.com/en-in/collections/tops?filter.p.m.custom.available_or_waitlist=1,Long RacerBack Tank,https://carbon38.com/en-in/products/long-racerback-tank-honeysuckle?_pos=249&_fid=3023b071c&_ss=c,CARBON38,"Rs. 5,600.00",Honeysuckle,Model is wearing size S.,,3,https://carbon38.com/en-in/collections/tops?filter.p.m.custom.available_or_waitlist=1&page=3&filter.p.m.custom.available_or_waitlist=1
1755874329-50,https://carbon38.com/en-in/collections/tops?filter.p.m.custom.available_or_waitlist=1,Strappy Tank in Melt,https://carbon38.com/en-in/products/strappy-tank-in-melt-tomato-puree?_pos=248&_fid=3023b071c&_ss=c,CARBON38,"Rs. 8,900.00",Tomato,,"81% Nylon 19% Spandex

MACHINE WASH COLD W/ LIKE COLORS 

NO BLEACH 

HANG TO DRY 

DO NOT IRON",3,https://carbon38.com/en-in/collections/tops?filter.p.m.custom.available_or_waitlist=1&page=3&filter.p.m.custom.available_or_waitlist=1
1755874355-51,https://carbon38.com/en-in/collections/tops?filter.p.m.custom.available_or_waitlist=1,Short Sleeve Off Shoulder Sweatshirt in French Terry,https://carbon38.com/en-in/products/short-sleeve-off-shoulder-sweatshirt-malachite?_pos=247&_fid=3023b071c&_ss=c,CARBON38,"Rs. 11,300.00",Malachite,Model is wearing size S.,"50% Cotton 50% Modal



Machine wash cold with like colors, do not bleach, tumble dry low, do not iron, do not dry clean.",3,https://carbon38.com/en-in/collections/tops?filter.p.m.custom.available_or_waitlist=1&page=3&filter.p.m.custom.available_or_waitlist=1
1755874377-52,https://carbon38.com/en-in/collections/tops?filter.p.m.custom.available_or_waitlist=1,Short Sleeve Off Shoulder Sweatshirt in French Terry,https://carbon38.com/en-in/products/short-sleeve-off-shoulder-sweatshirt-granite-green?_pos=246&_fid=3023b071c&_ss=c,CARBON38,"Rs. 12,100.00",Granite Green,Model is wearing size S.,50% Cotton 50% Modal. MACHINE WASH COLD W/ LIKE COLORS. NO BLEACH. TUMBLE DRY LOW. DO NOT IRON. DO NOT DRY CLEAN.,3,https://carbon38.com/en-in/collections/tops?filter.p.m.custom.available_or_waitlist=1&page=3&filter.p.m.custom.available_or_waitlist=1
1755874390-53,https://carbon38.com/en-in/collections/tops?filter.p.m.custom.available_or_waitlist=1,Colorblock High Neck Tank,https://carbon38.com/en-in/products/colorblock-high-neck-tank-navy-digital-green?_pos=245&_fid=3023b071c&_ss=c,CARBON38,"Rs. 8,900.00",Navy/ Digital Green,,"81% Nylon 19% Spandex

MACHINE WASH COLD W/ LIKE COLORS

DO NOT BLEACH

HANG TO DRY 

DO NOT IRON",3,https://carbon38.com/en-in/collections/tops?filter.p.m.custom.available_or_waitlist=1&page=3&filter.p.m.custom.available_or_waitlist=1
1755874417-54,https://carbon38.com/en-in/collections/tops?filter.p.m.custom.available_or_waitlist=1,Short Sleeve Ruched Tee,https://carbon38.com/en-in/products/short-sleeve-ruched-tee-black?_pos=244&_fid=3023b071c&_ss=c,CARBON38,"Rs. 7,200.00",Black,Fits true to size. Model is wearing a size small. Model is wearing size S.,"50% COTTON 50% MODAL

Machine wash cold with like colors, do not bleach, tumble dry low.",3,https://carbon38.com/en-in/collections/tops?filter.p.m.custom.available_or_waitlist=1&page=3&filter.p.m.custom.available_or_waitlist=1
1755874444-55,https://carbon38.com/en-in/collections/tops?filter.p.m.custom.available_or_waitlist=1,Short Sleeve Collared Cardigan,https://carbon38.com/en-in/products/short-sleeve-collared-cardigan-navy?_pos=243&_fid=3023b071c&_ss=c,CARBON38,"Rs. 11,300.00",Navy,Fits true to size. Model is wearing a size small. Model is wearing size S.,"65% VISCOSE 35% NYLON

Hand wash cold, do not bleach, lay flat to dry, do not iron.",3,https://carbon38.com/en-in/collections/tops?filter.p.m.custom.available_or_waitlist=1&page=3&filter.p.m.custom.available_or_waitlist=1
1755874470-56,https://carbon38.com/en-in/collections/tops?filter.p.m.custom.available_or_waitlist=1,Short Sleeve Collared Cardigan,https://carbon38.com/en-in/products/short-sleeve-collared-cardigan-white?_pos=242&_fid=3023b071c&_ss=c,CARBON38,"Rs. 11,300.00",White,Fits true to size. Model is wearing a size small. Model is wearing size S.,"65% VISCOSE 35% NYLON

Hand wash cold, do not bleach, lay flat to dry, do not iron.",3,https://carbon38.com/en-in/collections/tops?filter.p.m.custom.available_or_waitlist=1&page=3&filter.p.m.custom.available_or_waitlist=1
1755874496-57,https://carbon38.com/en-in/collections/tops?filter.p.m.custom.available_or_waitlist=1,Puff Sleeve Tee,https://carbon38.com/en-in/products/puff-sleeve-tee-white?_pos=241&_fid=3023b071c&_ss=c,CARBON38,"Rs. 11,300.00",White,Fits true to size. Model is wearing a size small.  Model is wearing size S.,"50% Cotton 50% Modal

Machine wash cold. Do not bleach. Tumble dry low.",3,https://carbon38.com/en-in/collections/tops?filter.p.m.custom.available_or_waitlist=1&page=3&filter.p.m.custom.available_or_waitlist=1
1755874516-58,https://carbon38.com/en-in/collections/tops?filter.p.m.custom.available_or_waitlist=1,One Shoulder Convertible Tank in Melt,https://carbon38.com/en-in/products/one-shoulder-convertible-bra-top-snow-leopard?_pos=240&_fid=3023b071c&_ss=c,CARBON38,"Rs. 8,900.00",Snow Leopard,,"81% Nylon 19% Spandex.



MACHINE WASH COLD WITH OTHER LIKE COLORS. DO NOT BLEACH. HANG TO DRY. DO NOT IRON. DO NOT DRY CLEAN.",3,https://carbon38.com/en-in/collections/tops?filter.p.m.custom.available_or_waitlist=1&page=3&filter.p.m.custom.available_or_waitlist=1
1755874528-59,https://carbon38.com/en-in/collections/tops?filter.p.m.custom.available_or_waitlist=1,Short Sleeve Ruched Tee,https://carbon38.com/en-in/products/short-sleeve-ruched-tee-white?_pos=239&_fid=3023b071c&_ss=c,CARBON38,"Rs. 7,200.00",White,Fits true to size. Model is wearing a size small. Model is wearing size S.,"50% Cotton 50% Modal

MACHINE WASH COLD W/ LIKE COLORS 

DO NOT BLEACH

TUMBLE DRY LOW",3,https://carbon38.com/en-in/collections/tops?filter.p.m.custom.available_or_waitlist=1&page=3&filter.p.m.custom.available_or_waitlist=1
1755874554-60,https://carbon38.com/en-in/collections/tops?filter.p.m.custom.available_or_waitlist=1,Cross Over Sweater,https://carbon38.com/en-in/products/cross-over-sweater-winter-white?_pos=238&_fid=3023b071c&_ss=c,CARBON38,"Rs. 12,900.00",Winter White,Fits true to size. Model is wearing a size small.  Model is wearing size S.,"64% Viscose 27% Polyester 8% Nylon 1% Spandex



Machine wash cold with like colors, do not bleach, lay flat to dry.",3,https://carbon38.com/en-in/collections/tops?filter.p.m.custom.available_or_waitlist=1&page=3&filter.p.m.custom.available_or_waitlist=1
1755874582-61,https://carbon38.com/en-in/collections/tops?filter.p.m.custom.available_or_waitlist=1,Pullover Sweatshirt,https://carbon38.com/en-in/products/pullover-sweatshirt-navy-blazer?_pos=237&_fid=3023b071c&_ss=c,CARBON38,"Rs. 10,500.00",Navy Blazer,Fits true to size. Model is wearing size small. Model is wearing size S.,"95% Modal 5% Spandex



Machine wash cold with like colors, gentle cycle, do not bleach, tumble dry low, do not iron.",3,https://carbon38.com/en-in/collections/tops?filter.p.m.custom.available_or_waitlist=1&page=3&filter.p.m.custom.available_or_waitlist=1
1755874608-62,https://carbon38.com/en-in/collections/tops?filter.p.m.custom.available_or_waitlist=1,Long Sleeve Tie Top in Melt,https://carbon38.com/en-in/products/long-sleeve-ballet-wrap-red-dahlia?_pos=236&_fid=3023b071c&_ss=c,CARBON38,"Rs. 11,300.00",Red Dahlia,,"81% Nylon 19% Spandex



Machine wash color with like colors, gentle cycle. Do not bleach, tumble dry low.",3,https://carbon38.com/en-in/collections/tops?filter.p.m.custom.available_or_waitlist=1&page=3&filter.p.m.custom.available_or_waitlist=1
1755874635-63,https://carbon38.com/en-in/collections/tops?filter.p.m.custom.available_or_waitlist=1,Chambray Denim Shirt,https://carbon38.com/en-in/products/chambray-slim-shirt-with-pearl-snaps-chambray?_pos=235&_fid=3023b071c&_ss=c,CARBON38,"Rs. 12,100.00",Medium Wash,"Fits true to size. Model is wearing a size small. STRETCH CHAMBRAY FABRIC. PEARL SNAP CLOSURE, WESTERN DETAILS, FRONT POCKETS, SHIRTTAIL HEM Model is wearing size S.","78% Tencel 10%Cotton 9%Polyester 3%Spandex

MACHINE WASH COLD W/ LIKE COLORS

DO NOT BLEACH, LAY FLAT TO DRY, DRY CLEANABLE",3,https://carbon38.com/en-in/collections/tops?filter.p.m.custom.available_or_waitlist=1&page=3&filter.p.m.custom.available_or_waitlist=1
1755874655-64,https://carbon38.com/en-in/collections/tops?filter.p.m.custom.available_or_waitlist=1,Short Sleeve Pocket Tee,https://carbon38.com/en-in/products/short-sleeve-pocket-tee-quiet-harbor?_pos=234&_fid=3023b071c&_ss=c,CARBON38,"Rs. 5,400.00",Quiet Harbor,,50% Cotton 50% Modal. MACHINE WASH COLD W/ LIKE COLORS. DO NOT BLEACH. TUMBLE DRY LOW.,3,https://carbon38.com/en-in/collections/tops?filter.p.m.custom.available_or_waitlist=1&page=3&filter.p.m.custom.available_or_waitlist=1
1755874667-65,https://carbon38.com/en-in/collections/tops?filter.p.m.custom.available_or_waitlist=1,One Shoulder Convertible Tank in Heather Melt,https://carbon38.com/en-in/products/one-shoulder-tank-quiet-harbor?_pos=233&_fid=3023b071c&_ss=c,CARBON38,"Rs. 8,900.00",Quiet Harbor,,"87% POLYESTER 13% SPANDEX

MACHINE WASH COLD WITH LIKE COLORS. NO BLEACH. HANG DRY. DO NOT IRON. DO NOT DRY CLEAN",3,https://carbon38.com/en-in/collections/tops?filter.p.m.custom.available_or_waitlist=1&page=3&filter.p.m.custom.available_or_waitlist=1
1755874694-66,https://carbon38.com/en-in/collections/tops?filter.p.m.custom.available_or_waitlist=1,Strappy Tank in Melt,https://carbon38.com/en-in/products/strappy-tank-charlock?_pos=232&_fid=3023b071c&_ss=c,CARBON38,"Rs. 8,900.00",Charlock,,"81% Nylon 19% Spandex



Machine wash cold with like colors, gentle cycle, do not bleach, tumble dry low.",3,https://carbon38.com/en-in/collections/tops?filter.p.m.custom.available_or_waitlist=1&page=3&filter.p.m.custom.available_or_waitlist=1
1755874721-67,https://carbon38.com/en-in/collections/tops?filter.p.m.custom.available_or_waitlist=1,Colorblock High Neck Tank,https://carbon38.com/en-in/products/colorblock-high-neck-tank-cornet-blue-charlock?_pos=231&_fid=3023b071c&_ss=c,CARBON38,"Rs. 8,900.00",Coronet Blue  / Charlock,,"81% Nylon 19% Spandex



Machine wash cold with like colors, gentle cycle, do not bleach, tumble dry low.",3,https://carbon38.com/en-in/collections/tops?filter.p.m.custom.available_or_waitlist=1&page=3&filter.p.m.custom.available_or_waitlist=1
1755874747-68,https://carbon38.com/en-in/collections/tops?filter.p.m.custom.available_or_waitlist=1,Long Sleeve Tie Top in Melt,https://carbon38.com/en-in/products/long-sleeve-ballet-wrap-charlock?_pos=230&_fid=3023b071c&_ss=c,CARBON38,"Rs. 11,300.00",Charlock,,"81% Nylon 19% Spandex



Machine wash color with like colors, gentle cycle. Do not bleach, tumble dry low.",3,https://carbon38.com/en-in/collections/tops?filter.p.m.custom.available_or_waitlist=1&page=3&filter.p.m.custom.available_or_waitlist=1
1755874774-69,https://carbon38.com/en-in/collections/tops?filter.p.m.custom.available_or_waitlist=1,Slouchy Knit Sweater,https://carbon38.com/en-in/products/oversized-off-shoulder-sweater-off-white?_pos=229&_fid=3023b071c&_ss=c,CARBON38,"Rs. 12,900.00",Off White,Fits true to size. Model is wearing a size small.  Model is wearing size S.,"100% COTTON

Machine wash cold with like colors, do not bleach, lay flat to dry, cool iron, dry clean recommended.",3,https://carbon38.com/en-in/collections/tops?filter.p.m.custom.available_or_waitlist=1&page=3&filter.p.m.custom.available_or_waitlist=1
1755874795-70,https://carbon38.com/en-in/collections/tops?filter.p.m.custom.available_or_waitlist=1,High Neck Laser Cut Tank in Diamond Compression,https://carbon38.com/en-in/products/high-neck-laser-cut-tank-black?_pos=228&_fid=3023b071c&_ss=c,CARBON38,"Rs. 10,500.00",Black,Fits true to size. Model is wearing a size small. Shelf Bra included.  Model is wearing size S.,"72% NYLON 28% SPANDEX

MACHINE WASH COLD WITH LIKE COLORS. DO NOT BLEACH. TUMBLE DRY LOW. DO NOT IRON. DRY CLEANABLE.",3,https://carbon38.com/en-in/collections/tops?filter.p.m.custom.available_or_waitlist=1&page=3&filter.p.m.custom.available_or_waitlist=1
1755874807-71,https://carbon38.com/en-in/collections/tops?filter.p.m.custom.available_or_waitlist=1,Striped Puff Sleeve Sweater,https://carbon38.com/en-in/products/stripe-puff-sleeve-sweater-cream-black?_pos=227&_fid=3023b071c&_ss=c,CARBON38,"Rs. 9,500.00",Cream/ Black,Fits true to size. Model is wearing a size small.  Model is wearing size S.,"25% Wool 30% Acrylic 45% Nylon



Machine wash cold with like colors, do not bleach, lay flat to dry.",3,https://carbon38.com/en-in/collections/tops?filter.p.m.custom.available_or_waitlist=1&page=3&filter.p.m.custom.available_or_waitlist=1
1755874833-72,https://carbon38.com/en-in/collections/tops?filter.p.m.custom.available_or_waitlist=1,Crochet Off Shoulder Sweater,https://carbon38.com/en-in/products/crochet-off-shoulder-sweatshirt-black?_pos=226&_fid=3023b071c&_ss=c,CARBON38,"Rs. 24,500.00",Black,Fits true to size. Model is wearing size small. Model is wearing size S.,"65% Cotton 35% Nylon



Hand wash cold, do not bleach, do not tumble dry, do not iron.",3,https://carbon38.com/en-in/collections/tops?filter.p.m.custom.available_or_waitlist=1&page=3&filter.p.m.custom.available_or_waitlist=1
1755874859-73,https://carbon38.com/en-in/collections/tops?filter.p.m.custom.available_or_waitlist=1,Fringe Tank in Melt,https://carbon38.com/en-in/products/fringe-tank-black?_pos=225&_fid=3023b071c&_ss=c,CARBON38,"Rs. 10,500.00",Black,Model is wearing size S.,"81% Nylon 19% Spandex 

Machine wash cold with like colors on delicate cycle. Do not bleach. Reshape and lay flat to dry, do not tumble dry, do not iron, do not dry clean.",3,https://carbon38.com/en-in/collections/tops?filter.p.m.custom.available_or_waitlist=1&page=3&filter.p.m.custom.available_or_waitlist=1
1755874885-74,https://carbon38.com/en-in/collections/tops?filter.p.m.custom.available_or_waitlist=1,Striped Puff Sleeve Sweater,https://carbon38.com/en-in/products/stripe-puff-sleeve-sweater-stone-black?_pos=224&_fid=3023b071c&_ss=c,CARBON38,"Rs. 9,500.00",Stone/ Black,Fits true to size. Model is wearing a size small.  Model is wearing size S.,"25% Wool 30% Acrylic 45% Nylon



Machine wash cold with like colors, do not bleach, lay flat to dry.",3,https://carbon38.com/en-in/collections/tops?filter.p.m.custom.available_or_waitlist=1&page=3&filter.p.m.custom.available_or_waitlist=1
1755874911-75,https://carbon38.com/en-in/collections/tops?filter.p.m.custom.available_or_waitlist=1,Tuxedo Mock Neck Top,https://carbon38.com/en-in/products/tuxedo-mock-neck-top-black?_pos=223&_fid=3023b071c&_ss=c,CARBON38,"Rs. 9,600.00",Black,,"81% Nylon 19% Spandex

MACHINE WASH COLD W/ LIKE COLORS. NO BLEACH. HANG TO DRY. DO NOT IRON. DO NOT DRY CLEAN.",3,https://carbon38.com/en-in/collections/tops?filter.p.m.custom.available_or_waitlist=1&page=3&filter.p.m.custom.available_or_waitlist=1
1755874938-76,https://carbon38.com/en-in/collections/tops?filter.p.m.custom.available_or_waitlist=1,Slouchy Off Shoulder Sweater,https://carbon38.com/en-in/products/slouchy-knit-sweater-black?_pos=222&_fid=3023b071c&_ss=c,CARBON38,"Rs. 8,600.00",Black,Fits true to size. Model is wearing size small. Model is wearing size S.,"60% Cotton 30% Nylon 10% Wool



Machine wash cold with like colors, do not bleach, lay flat to dry.",3,https://carbon38.com/en-in/collections/tops?filter.p.m.custom.available_or_waitlist=1&page=3&filter.p.m.custom.available_or_waitlist=1
1755874946-77,https://carbon38.com/en-in/collections/tops?filter.p.m.custom.available_or_waitlist=1,Short Sleeve Pocket Tee,https://carbon38.com/en-in/products/short-sleeve-pocket-tee-merlot?_pos=221&_fid=3023b071c&_ss=c,CARBON38,"Rs. 6,400.00",Merlot,,50% Cotton 50% Modal. MACHINE WASH COLD W/ LIKE COLORS. DO NOT BLEACH. TUMBLE DRY LOW.,3,https://carbon38.com/en-in/collections/tops?filter.p.m.custom.available_or_waitlist=1&page=3&filter.p.m.custom.available_or_waitlist=1
1755874973-78,https://carbon38.com/en-in/collections/tops?filter.p.m.custom.available_or_waitlist=1,Cross Over Sweater,https://carbon38.com/en-in/products/cross-over-sweater-burnt-sienna?_pos=220&_fid=3023b071c&_ss=c,CARBON38,"Rs. 12,900.00",Burnt Sienna,Fits true to size. Model is wearing a size small.  Model is wearing size S.,"64% Viscose 27% Polyester 8% Nylon 1% Spandex



Machine wash cold with like colors, do not bleach, lay flat to dry.",3,https://carbon38.com/en-in/collections/tops?filter.p.m.custom.available_or_waitlist=1&page=3&filter.p.m.custom.available_or_waitlist=1
1755874999-79,https://carbon38.com/en-in/collections/tops?filter.p.m.custom.available_or_waitlist=1,Long Sleeve Tie Top in Melt,https://carbon38.com/en-in/products/long-sleeve-ballet-wrap-burnt-sienna-1?_pos=219&_fid=3023b071c&_ss=c,CARBON38,"Rs. 10,700.00",Burnt Sienna,,"81% Nylon 19% Spandex



Machine wash color with like colors, gentle cycle. Do not bleach, tumble dry low.",3,https://carbon38.com/en-in/collections/tops?filter.p.m.custom.available_or_waitlist=1&page=3&filter.p.m.custom.available_or_waitlist=1
1755875026-80,https://carbon38.com/en-in/collections/tops?filter.p.m.custom.available_or_waitlist=1,Silver Mesh Long Sleeve Top,https://carbon38.com/en-in/products/mesh-long-sleeve-top?_pos=218&_fid=3023b071c&_ss=c,CARBON38,"Rs. 9,600.00",Grey Mesh,Fits true to size. Model is wearing a size small. Model is wearing size S.,"80% Polyester 20% Spandex



Turn garment inside out, machine wash cold with like colors on delicate cycle or hand wash. Do not bleach, hang to dry.",3,https://carbon38.com/en-in/collections/tops?filter.p.m.custom.available_or_waitlist=1&page=3&filter.p.m.custom.available_or_waitlist=1
1755875052-81,https://carbon38.com/en-in/collections/tops?filter.p.m.custom.available_or_waitlist=1,Pearl Necklace Sweater Tank,https://carbon38.com/en-in/products/pearl-necklace-tank-lavender-grey?_pos=217&_fid=3023b071c&_ss=c,CARBON38,"Rs. 12,100.00",Lavender Grey,Fits true to size. Model is wearing a size small. Model is wearing size S.,"73% VISCOSE, 15% POLYESTER, 11% NYLON, 1% SPANDEX



Machine wash cold with like colors, do not bleach, lay flat to dry.",3,https://carbon38.com/en-in/collections/tops?filter.p.m.custom.available_or_waitlist=1&page=3&filter.p.m.custom.available_or_waitlist=1
1755875079-82,https://carbon38.com/en-in/collections/tops?filter.p.m.custom.available_or_waitlist=1,Zip Long Sleeve Run Top,https://carbon38.com/en-in/products/zip-long-sleeve-run-top?_pos=216&_fid=3023b071c&_ss=c,CARBON38,"Rs. 11,300.00",Silver Heather,,"Machine wash cold with like colors/ do not bleach / hang dry / do not iron / do not dry clean.



87% POLYESTER 13% SPANDEX",3,https://carbon38.com/en-in/collections/tops?filter.p.m.custom.available_or_waitlist=1&page=3&filter.p.m.custom.available_or_waitlist=1
1755875105-83,https://carbon38.com/en-in/collections/tops?filter.p.m.custom.available_or_waitlist=1,Pullover Sweatshirt,https://carbon38.com/en-in/products/pullover-sweatshirt-heather-grey?_pos=215&_fid=3023b071c&_ss=c,CARBON38,"Rs. 10,500.00",Heather Grey,Fits true to size. Model is wearing size small. Model is wearing size S.,"95% Modal 5% Spandex



Machine wash cold with like colors, gentle cycle, do not bleach, tumble dry low, do not iron.",3,https://carbon38.com/en-in/collections/tops?filter.p.m.custom.available_or_waitlist=1&page=3&filter.p.m.custom.available_or_waitlist=1
1755875114-84,https://carbon38.com/en-in/collections/tops?filter.p.m.custom.available_or_waitlist=1,Perfect Active Tee,https://carbon38.com/en-in/products/perfect-active-tee-dede-ski-print?_pos=214&_fid=3023b071c&_ss=c,PERFECT MOMENT,"Rs. 24,100.00",Dede Ski Print,Body length is 56cm / 22” and sleeve length is 63cm / 25” for a size Small Model is wearing size S.,"78% polyester, 22% elastane

Hand wash cold separately

Do not bleach

Lay flat to dry

Cool iron if needed or dry clean",3,https://carbon38.com/en-in/collections/tops?filter.p.m.custom.available_or_waitlist=1&page=3&filter.p.m.custom.available_or_waitlist=1
1755875141-85,https://carbon38.com/en-in/collections/tops?filter.p.m.custom.available_or_waitlist=1,Long Sleeve Wrap Top in Melt,https://carbon38.com/en-in/products/long-sleeve-wrap-top-white?_pos=213&_fid=3023b071c&_ss=c,CARBON38,"Rs. 10,500.00",White,,,3,https://carbon38.com/en-in/collections/tops?filter.p.m.custom.available_or_waitlist=1&page=3&filter.p.m.custom.available_or_waitlist=1
1755875167-86,https://carbon38.com/en-in/collections/tops?filter.p.m.custom.available_or_waitlist=1,Cap Sleeve Top,https://carbon38.com/en-in/products/cap-sleeve-top-white?_pos=212&_fid=3023b071c&_ss=c,CARBON38,"Rs. 11,300.00",White,Fits true to size. Model is wearing a size small.  Model is wearing size S.,"50% Cotton 50% Modal

Machine wash cold with like colors. Do not bleach. Tumble dry low.",3,https://carbon38.com/en-in/collections/tops?filter.p.m.custom.available_or_waitlist=1&page=3&filter.p.m.custom.available_or_waitlist=1
1755875194-87,https://carbon38.com/en-in/collections/tops?filter.p.m.custom.available_or_waitlist=1,Asymmetrical Sweater Top,https://carbon38.com/en-in/products/asymmetrical-sweater-top-ivory?_pos=211&_fid=3023b071c&_ss=c,CARBON38,"Rs. 11,300.00",Ivory,Model is wearing size S.,"57% VISCOSE, 26% NYLON, 14% POLYESTER, 3% SPANDEX



Machine wash cold with like colors, do not bleach, lay flat to dry/ tumble dry low.",3,https://carbon38.com/en-in/collections/tops?filter.p.m.custom.available_or_waitlist=1&page=3&filter.p.m.custom.available_or_waitlist=1
1755875221-88,https://carbon38.com/en-in/collections/tops?filter.p.m.custom.available_or_waitlist=1,Slouchy Off Shoulder Sweater,https://carbon38.com/en-in/products/wool-blend-slouchy-knit-sweater-off-white?_pos=210&_fid=3023b071c&_ss=c,CARBON38,"Rs. 8,600.00",Off White,Fits true to size. Model is wearing size small. Model is wearing size S.,"60% Cotton 30% Nylon 10% Wool



Machine wash cold with like colors, do not bleach, lay flat to dry.",3,https://carbon38.com/en-in/collections/tops?filter.p.m.custom.available_or_waitlist=1&page=3&filter.p.m.custom.available_or_waitlist=1
1755875247-89,https://carbon38.com/en-in/collections/tops?filter.p.m.custom.available_or_waitlist=1,Half Zip Boucle Pullover,https://carbon38.com/en-in/products/half-zip-boucle-pullover-off-white-1?_pos=209&_fid=3023b071c&_ss=c,CARBON38,"Rs. 9,600.00",Off  White,,"80% Acrylic 11% Nylon 8% Wool 1% Spandex



Machine wash cold with like colors, do not bleach, lay flat to dry.",3,https://carbon38.com/en-in/collections/tops?filter.p.m.custom.available_or_waitlist=1&page=3&filter.p.m.custom.available_or_waitlist=1
1755875273-90,https://carbon38.com/en-in/collections/tops?filter.p.m.custom.available_or_waitlist=1,Short Sleeve Pocket Tee,https://carbon38.com/en-in/products/short-sleeve-pocket-tee-olive?_pos=208&_fid=3023b071c&_ss=c,CARBON38,"Rs. 6,400.00",Olive,,,3,https://carbon38.com/en-in/collections/tops?filter.p.m.custom.available_or_waitlist=1&page=3&filter.p.m.custom.available_or_waitlist=1
1755875300-91,https://carbon38.com/en-in/collections/tops?filter.p.m.custom.available_or_waitlist=1,Off Shoulder Sweatshirt in French Terry,https://carbon38.com/en-in/products/off-shoulder-sweatshirt-6-olive?_pos=207&_fid=3023b071c&_ss=c,CARBON38,"Rs. 12,100.00",Olive,,"50% Cotton 50% Modal

Machine wash cold with like colors

Do not bleach

Tumble dry low

Do not iron",3,https://carbon38.com/en-in/collections/tops?filter.p.m.custom.available_or_waitlist=1&page=3&filter.p.m.custom.available_or_waitlist=1
1755875307-92,https://carbon38.com/en-in/collections/tops?filter.p.m.custom.available_or_waitlist=1,Pearl Sweatshirt,https://carbon38.com/en-in/products/pearl-sweatshirt-black-1?_pos=206&_fid=3023b071c&_ss=c,CARBON38,"Rs. 12,900.00",Black,Fits true to size. Model is wearing a size small. Model is wearing size S.,"80% Rayon 12% Nylon 8% Spandex



Hand wash cold, do not bleach, lay flat to dry, do not iron.",3,https://carbon38.com/en-in/collections/tops?filter.p.m.custom.available_or_waitlist=1&page=3&filter.p.m.custom.available_or_waitlist=1
1755875333-93,https://carbon38.com/en-in/collections/tops?filter.p.m.custom.available_or_waitlist=1,Sheer Turtleneck Sweater,https://carbon38.com/en-in/products/sheer-turtleneck-sweater-black?_pos=205&_fid=3023b071c&_ss=c,CARBON38,"Rs. 12,900.00",Black,Fits true to size. Model is wearing a size small. Model is wearing size S.,"61% VISCOSE, 22% POLYESTER, 8% LINEN, 8% LYOCELL



Hand wash cold with like colors, do not bleach, lay flat to dry.",3,https://carbon38.com/en-in/collections/tops?filter.p.m.custom.available_or_waitlist=1&page=3&filter.p.m.custom.available_or_waitlist=1
1755875360-94,https://carbon38.com/en-in/collections/tops?filter.p.m.custom.available_or_waitlist=1,Raglan Pullover in Velour,https://carbon38.com/en-in/products/raglan-pullover-in-velour-charcoal-grey?_pos=204&_fid=3023b071c&_ss=c,CARBON38,"Rs. 12,100.00",Charcoal Grey,Fits true to size. Model is wearing a size small. Model is wearing size S.,"80% Cotton 20% Polyester



Machine wash cold with like colors, gentle cycle. Do not bleach, line dry, do not iron, do not dry clean.",3,https://carbon38.com/en-in/collections/tops?filter.p.m.custom.available_or_waitlist=1&page=3&filter.p.m.custom.available_or_waitlist=1
1755875386-95,https://carbon38.com/en-in/collections/tops?filter.p.m.custom.available_or_waitlist=1,Liquid Metallic Bodysuit,https://carbon38.com/en-in/products/liquid-metallic-bodysuit-silver?_pos=203&_fid=3023b071c&_ss=c,CARBON38,"Rs. 11,300.00",Metallic Silver,,"79% Polyester 21% Elastane



Machine wash cold with like colors, gentle cycle. Do not bleach, tumble dry low.",3,https://carbon38.com/en-in/collections/tops?filter.p.m.custom.available_or_waitlist=1&page=3&filter.p.m.custom.available_or_waitlist=1
1755875413-96,https://carbon38.com/en-in/collections/tops?filter.p.m.custom.available_or_waitlist=1,Liquid Metallic Long Sleeve Top,https://carbon38.com/en-in/products/liquid-metallic-long-sleeve-top-silver?_pos=202&_fid=3023b071c&_ss=c,CARBON38,"Rs. 10,500.00",Metallic Silver,,"79% Polyester 21% Elastane



Machine wash cold with like colors, gentle cycle. Do not bleach, tumble dry low.",3,https://carbon38.com/en-in/collections/tops?filter.p.m.custom.available_or_waitlist=1&page=3&filter.p.m.custom.available_or_waitlist=1
1755875440-97,https://carbon38.com/en-in/collections/tops?filter.p.m.custom.available_or_waitlist=1,Liquid Mesh Tee Shirt,https://carbon38.com/en-in/products/mesh-tee-shirt-black?_pos=201&_fid=3023b071c&_ss=c,CARBON38,"Rs. 8,000.00",Black,Fits true to size. Model is wearing size small. Model is wearing size S.,"80% Polyester 20% Spandex



Turn garment inside out, machine wash cold with like colors on delicate cycle or hand wash. Do not bleach, hang to dry, do not iron.",3,https://carbon38.com/en-in/collections/tops?filter.p.m.custom.available_or_waitlist=1&page=3&filter.p.m.custom.available_or_waitlist=1
1755875466-98,https://carbon38.com/en-in/collections/tops?filter.p.m.custom.available_or_waitlist=1,Rosette Longline Sweater,https://carbon38.com/en-in/products/rosette-longline-sweater-black?_pos=200&_fid=3023b071c&_ss=c,CARBON38,"Rs. 16,200.00",Black,Fits true to size. Model is wearing a size small. Model is wearing size S.,"100% Cotton



Remove trim before washing. 

Machine wash cold with like colors. Do not bleach, lay flat to dry",3,https://carbon38.com/en-in/collections/tops?filter.p.m.custom.available_or_waitlist=1&page=3&filter.p.m.custom.available_or_waitlist=1
1755875492-99,https://carbon38.com/en-in/collections/tops?filter.p.m.custom.available_or_waitlist=1,Rosette Long Sleeve Top in Melt,https://carbon38.com/en-in/products/rosette-long-sleeve-top-in-melt-black-w-white-rosette?_pos=199&_fid=3023b071c&_ss=c,CARBON38,"Rs. 12,100.00",Black w/ White Rosette,,"81% Nylon 19% Spandex



Hand wash cold separately, do not bleach, lay flat to dry, do not iron, do not tumble dry.",3,https://carbon38.com/en-in/collections/tops?filter.p.m.custom.available_or_waitlist=1&page=3&filter.p.m.custom.available_or_waitlist=1
1755875518-100,https://carbon38.com/en-in/collections/tops?filter.p.m.custom.available_or_waitlist=1,Raglan Pullover in Velour,https://carbon38.com/en-in/products/raglan-pullover-in-velour-blush?_pos=198&_fid=3023b071c&_ss=c,CARBON38,"Rs. 12,100.00",Blush,Fits true to size. Model is wearing a size small. Model is wearing size S.,"80% Cotton 20% Polyester



Machine wash cold with like colors, gentle cycle. Do not bleach, line dry, do not iron, do not dry clean.",3,https://carbon38.com/en-in/collections/tops?filter.p.m.custom.available_or_waitlist=1&page=3&filter.p.m.custom.available_or_waitlist=1
1755875545-101,https://carbon38.com/en-in/collections/tops?filter.p.m.custom.available_or_waitlist=1,Long Sleeve Wrap Top in Melt,https://carbon38.com/en-in/products/long-sleeve-wrap-top-crimson-red?_pos=197&_fid=3023b071c&_ss=c,CARBON38,"Rs. 10,500.00",Crimson Red,,,3,https://carbon38.com/en-in/collections/tops?filter.p.m.custom.available_or_waitlist=1&page=3&filter.p.m.custom.available_or_waitlist=1
1755875571-102,https://carbon38.com/en-in/collections/tops?filter.p.m.custom.available_or_waitlist=1,Half Zip Fleece Top,https://carbon38.com/en-in/products/half-zip-fleece-top-crimson-red?_pos=196&_fid=3023b071c&_ss=c,CARBON38,"Rs. 12,100.00",Crimson Red,,"50% Cotton 50% Modal



Machine wash cold with like colors, do not bleach, tumble dry low.",3,https://carbon38.com/en-in/collections/tops?filter.p.m.custom.available_or_waitlist=1&page=3&filter.p.m.custom.available_or_waitlist=1
1755875597-103,https://carbon38.com/en-in/collections/tops?filter.p.m.custom.available_or_waitlist=1,Alison Pullover,https://carbon38.com/en-in/products/alison-pullover-multi?_pos=195&_fid=3023b071c&_ss=c,,"Rs. 40,100.00",Multi,Model is wearing size S.,90% wool 10% cashmere,3,https://carbon38.com/en-in/collections/tops?filter.p.m.custom.available_or_waitlist=1&page=3&filter.p.m.custom.available_or_waitlist=1
1755875623-104,https://carbon38.com/en-in/collections/tops?filter.p.m.custom.available_or_waitlist=1,Timberley Half Zip Midlayer,https://carbon38.com/en-in/products/timberley-half-zip-midlayer-cement-marl?_pos=194&_fid=3023b071c&_ss=c,VARLEY,"Rs. 10,500.00",Cement Marl,The Timberley is cut for a relaxed fit. Take your true size. Model is wearing size S.,"90% Polyester 10% Elastane

Machine wash cool, do not bleach, do not tumble dry, do not iron, do not dry clean, remove promptly from washer, dry flat",3,https://carbon38.com/en-in/collections/tops?filter.p.m.custom.available_or_waitlist=1&page=3&filter.p.m.custom.available_or_waitlist=1
1755875630-105,https://carbon38.com/en-in/collections/tops?filter.p.m.custom.available_or_waitlist=1,Delilah Top,https://carbon38.com/en-in/products/delilah-top-cream?_pos=193&_fid=3023b071c&_ss=c,,"Rs. 31,000.00",Cream,Model is wearing size S.,30% cashmere / 70% wool.,3,https://carbon38.com/en-in/collections/tops?filter.p.m.custom.available_or_waitlist=1&page=3&filter.p.m.custom.available_or_waitlist=1
1755875684-106,https://carbon38.com/en-in/collections/tops?filter.p.m.custom.available_or_waitlist=1,Bouclé Cropped Blazer,https://carbon38.com/en-in/products/crop-blazer-cream?_pos=192&_fid=c2b69184e&_ss=c,GOLDIE BYRD,"Rs. 14,500.00",Cream,Fits true to size. Model is wearing a size Small Model is wearing size S.,"This elevated, stretch boucle material will look chic on and off the course.

93% Polyester 4% Rayon 3% Spandex",2,https://carbon38.com/en-in/collections/tops?filter.p.m.custom.available_or_waitlist=1&page=2&filter.p.m.custom.available_or_waitlist=1
1755875710-107,https://carbon38.com/en-in/collections/tops?filter.p.m.custom.available_or_waitlist=1,Half Zip Asymmetrical Pullover in Interlock,https://carbon38.com/en-in/products/half-zip-asymmetrical-pullover-moonbeam-heather?_pos=191&_fid=c2b69184e&_ss=c,CARBON38,"Rs. 12,100.00",Moonbeam Heather,Fits true to size. Model is wearing a size small. Model is wearing size S.,"48% Polyester 48% Rayon 4% Spandex



Machine wash cold with like colors, do not bleach, tumble dry low, do not iron, dry cleanable.",2,https://carbon38.com/en-in/collections/tops?filter.p.m.custom.available_or_waitlist=1&page=2&filter.p.m.custom.available_or_waitlist=1
