web-scraper-order,web-scraper-start-url,data-page-selector,data-page-selector-href,Product-name-0,current_price-0,original_price-0,net_quantity-0,rating-0,review_count-0,product_type-0
1756118004-1,https://www.zeptonow.com/cn/fruits-vegetables/fruits-vegetables/cid/64374cfe-d06f-4a01-898e-c07c46462c36/scid/e78a8422-5f20-4e4b-9a9f-22a0e53962e3,"ADD₹105₹126SAVE₹21250 g X 3Spinach - Cleaned, without roots Combo4.4(860)",https://www.zeptonow.com/pn/spinach-cleaned-without-roots-combo/pvid/8d066a61-14e5-43cb-af96-9654a18adbe6,"Spinach - Cleaned, without roots Combo",₹105,₹126,250 g X 3,4.4,(860),No
1756118007-2,https://www.zeptonow.com/cn/fruits-vegetables/fruits-vegetables/cid/64374cfe-d06f-4a01-898e-c07c46462c36/scid/e78a8422-5f20-4e4b-9a9f-22a0e53962e3,ADD₹166₹192SAVE₹262 pc X 2Pear Green Imported Combo4.4(570),https://www.zeptonow.com/pn/pear-green-imported-combo/pvid/fcb89f7e-76e0-4f94-bd1f-76738a3f5f00,Pear Green Imported Combo,₹166,₹192,2 pc X 2,4.4,(570),Yes
1756118009-3,https://www.zeptonow.com/cn/fruits-vegetables/fruits-vegetables/cid/64374cfe-d06f-4a01-898e-c07c46462c36/scid/e78a8422-5f20-4e4b-9a9f-22a0e53962e3,ADD₹130₹156SAVE₹262 pc X 2Apple Shimla Combo4.4(485),https://www.zeptonow.com/pn/apple-shimla-combo/pvid/fb3ec4ef-f535-4108-b383-18a2bb8ac494,Apple Shimla Combo,₹130,₹156,2 pc X 2,4.4,(485),Fruits
1756118012-4,https://www.zeptonow.com/cn/fruits-vegetables/fruits-vegetables/cid/64374cfe-d06f-4a01-898e-c07c46462c36/scid/e78a8422-5f20-4e4b-9a9f-22a0e53962e3,ADD₹118₹142SAVE₹24500 g X 2Orange Nagpur Combo4.3(869),https://www.zeptonow.com/pn/orange-nagpur-combo/pvid/4a4cb6e6-b558-4028-b1a6-3252410dc14d,Orange Nagpur Combo,₹118,₹142,500 g X 2,4.3,(869),BUNDLE
1756118014-5,https://www.zeptonow.com/cn/fruits-vegetables/fruits-vegetables/cid/64374cfe-d06f-4a01-898e-c07c46462c36/scid/e78a8422-5f20-4e4b-9a9f-22a0e53962e3,ADD₹162₹192SAVE₹30250 g X 2Grapes Red Globe Combo4.4(941),https://www.zeptonow.com/pn/grapes-red-globe-combo/pvid/02b18b79-50d5-4b7e-82d6-f1c8c2f992e1,Grapes Red Globe Combo,₹162,₹192,250 g X 2,4.4,(941),Fruits
1756118017-6,https://www.zeptonow.com/cn/fruits-vegetables/fruits-vegetables/cid/64374cfe-d06f-4a01-898e-c07c46462c36/scid/e78a8422-5f20-4e4b-9a9f-22a0e53962e3,ADD₹216₹262SAVE₹462 pcsTender Coconut Combo4.6(442),https://www.zeptonow.com/pn/tender-coconut-combo/pvid/455244ef-dfe5-477a-9250-70a69c61ac98,Tender Coconut Combo,₹216,₹262,2 pcs,4.6,(442),Fruits
1756118019-7,https://www.zeptonow.com/cn/fruits-vegetables/fruits-vegetables/cid/64374cfe-d06f-4a01-898e-c07c46462c36/scid/e78a8422-5f20-4e4b-9a9f-22a0e53962e3,ADD₹165₹213SAVE₹481 kg X 3Mosambi Regular Combo4.6(499),https://www.zeptonow.com/pn/mosambi-regular-combo/pvid/46047483-d774-43b2-9b36-c69c95e2a47a,Mosambi Regular Combo,₹165,₹213,1 kg X 3,4.6,(499),Fruits
1756118022-8,https://www.zeptonow.com/cn/fruits-vegetables/fruits-vegetables/cid/64374cfe-d06f-4a01-898e-c07c46462c36/scid/e78a8422-5f20-4e4b-9a9f-22a0e53962e3,ADD₹230₹264SAVE₹341 pc X 2Avocado Hass Imported Combo4.3(362),https://www.zeptonow.com/pn/avocado-hass-imported-combo/pvid/626e3787-9b99-4f8e-a3b1-4adf0b53feb8,Avocado Hass Imported Combo,₹230,₹264,1 pc X 2,4.3,(362),Yes
1756118024-9,https://www.zeptonow.com/cn/fruits-vegetables/fruits-vegetables/cid/64374cfe-d06f-4a01-898e-c07c46462c36/scid/e78a8422-5f20-4e4b-9a9f-22a0e53962e3,ADD₹84₹100SAVE₹16200 g X 2Yam Cut Combo4.6(673),https://www.zeptonow.com/pn/yam-cut-combo/pvid/e76950e5-421c-4099-9cac-ed765fb12af7,Yam Cut Combo,₹84,₹100,200 g X 2,4.6,(673),No
1756118026-10,https://www.zeptonow.com/cn/fruits-vegetables/fruits-vegetables/cid/64374cfe-d06f-4a01-898e-c07c46462c36/scid/e78a8422-5f20-4e4b-9a9f-22a0e53962e3,ADD₹318₹378SAVE₹60500 g X 2Mandarin Orange Premium Combo4.4(366),https://www.zeptonow.com/pn/mandarin-orange-premium-combo/pvid/4017235e-0fa1-45bb-aba7-f10815955dab,Mandarin Orange Premium Combo,₹318,₹378,500 g X 2,4.4,(366),Yes
1756118029-11,https://www.zeptonow.com/cn/fruits-vegetables/fruits-vegetables/cid/64374cfe-d06f-4a01-898e-c07c46462c36/scid/e78a8422-5f20-4e4b-9a9f-22a0e53962e3,ADD₹262₹308SAVE₹46500 g X 2Banana Elaichi / Yelakki Combo4.3(174),https://www.zeptonow.com/pn/banana-elaichi-yelakki-combo/pvid/2774b565-80da-47c8-a2e5-216517c75e7d,Banana Elaichi / Yelakki Combo,₹262,₹308,500 g X 2,4.3,(174),BUNDLE
1756118031-12,https://www.zeptonow.com/cn/fruits-vegetables/fruits-vegetables/cid/64374cfe-d06f-4a01-898e-c07c46462c36/scid/e78a8422-5f20-4e4b-9a9f-22a0e53962e3,ADD₹330₹382SAVE₹524 pc X 2Orange Imported Combo4.2(684),https://www.zeptonow.com/pn/orange-imported-combo/pvid/46dc32f0-12c0-4b94-b58a-631331fe0cb5,Orange Imported Combo,₹330,₹382,4 pc X 2,4.2,(684),BUNDLE
1756118033-13,https://www.zeptonow.com/cn/fruits-vegetables/fruits-vegetables/cid/64374cfe-d06f-4a01-898e-c07c46462c36/scid/e78a8422-5f20-4e4b-9a9f-22a0e53962e3,ADD₹321₹363SAVE₹421 pc X 3Snacky Avocado Combo4.4(53),https://www.zeptonow.com/pn/snacky-avocado-combo/pvid/26584d81-d48f-4a38-b2c4-188e7a3ae2d2,Snacky Avocado Combo,₹321,₹363,1 pc X 3,4.4,(53),BUNDLE
1756118036-14,https://www.zeptonow.com/cn/fruits-vegetables/fruits-vegetables/cid/64374cfe-d06f-4a01-898e-c07c46462c36/scid/e78a8422-5f20-4e4b-9a9f-22a0e53962e3,ADD₹210₹242SAVE₹321 pc X 2Snacky Avocado Combo4.7(367),https://www.zeptonow.com/pn/snacky-avocado-combo/pvid/cfbce723-0e0a-449e-a3fc-afab917f889c,Snacky Avocado Combo,₹210,₹242,1 pc X 2,4.7,(367),BUNDLE
1756118039-15,https://www.zeptonow.com/cn/fruits-vegetables/fruits-vegetables/cid/64374cfe-d06f-4a01-898e-c07c46462c36/scid/e78a8422-5f20-4e4b-9a9f-22a0e53962e3,ADD₹220₹268SAVE₹482 pc X 2Pomegranate Combo4.3(577),https://www.zeptonow.com/pn/pomegranate-combo/pvid/f4549364-dcc5-4dcf-9277-8ea73671b2df,Pomegranate Combo,₹220,₹268,2 pc X 2,4.3,(577),Fruits
1756118041-16,https://www.zeptonow.com/cn/fruits-vegetables/fruits-vegetables/cid/64374cfe-d06f-4a01-898e-c07c46462c36/scid/e78a8422-5f20-4e4b-9a9f-22a0e53962e3,ADD₹254₹300SAVE₹463 pc X 2Kiwi Green Combo4.7(951),https://www.zeptonow.com/pn/kiwi-green-combo/pvid/25bbaf5c-190a-40e5-840d-8b902e9f31e7,Kiwi Green Combo,₹254,₹300,3 pc X 2,4.7,(951),Chilean Kiwi
1756118044-17,https://www.zeptonow.com/cn/fruits-vegetables/fruits-vegetables/cid/64374cfe-d06f-4a01-898e-c07c46462c36/scid/e78a8422-5f20-4e4b-9a9f-22a0e53962e3,ADD₹182₹216SAVE₹342 pc X 2Banana Nendran Combo4.2(542),https://www.zeptonow.com/pn/banana-nendran-combo/pvid/f71454ce-b127-40e7-99e7-28f9fafec657,Banana Nendran Combo,₹182,₹216,2 pc X 2,4.2,(542),BUNDLE
1756118046-18,https://www.zeptonow.com/cn/fruits-vegetables/fruits-vegetables/cid/64374cfe-d06f-4a01-898e-c07c46462c36/scid/e78a8422-5f20-4e4b-9a9f-22a0e53962e3,"ADD₹72₹84SAVE₹12250 g X 2Spinach - Cleaned, without roots Combo4.3(428)",https://www.zeptonow.com/pn/spinach-cleaned-without-roots-combo/pvid/092c3466-99f1-4bc8-941d-eee7820a663e,"Spinach - Cleaned, without roots Combo",₹72,₹84,250 g X 2,4.3,(428),No
1756118048-19,https://www.zeptonow.com/cn/fruits-vegetables/fruits-vegetables/cid/64374cfe-d06f-4a01-898e-c07c46462c36/scid/e78a8422-5f20-4e4b-9a9f-22a0e53962e3,ADD₹135₹159SAVE₹241 pc X 3Coconut Kalash Combo4.2(886),https://www.zeptonow.com/pn/coconut-kalash-combo/pvid/5122d453-aee1-4f2b-8380-d11e09d62a1a,Coconut Kalash Combo,₹135,₹159,1 pc X 3,4.2,(886),BUNDLE
1756118051-20,https://www.zeptonow.com/cn/fruits-vegetables/fruits-vegetables/cid/64374cfe-d06f-4a01-898e-c07c46462c36/scid/e78a8422-5f20-4e4b-9a9f-22a0e53962e3,ADD₹110₹130SAVE₹20200 g X 2Mushroom Button Combo4.5(712),https://www.zeptonow.com/pn/mushroom-button-combo/pvid/650ecd4d-a3a2-409b-b8d8-fc01082db307,Mushroom Button Combo,₹110,₹130,200 g X 2,4.5,(712),No
1756118054-21,https://www.zeptonow.com/cn/fruits-vegetables/fruits-vegetables/cid/64374cfe-d06f-4a01-898e-c07c46462c36/scid/e78a8422-5f20-4e4b-9a9f-22a0e53962e3,ADD₹180₹214SAVE₹34200 g X 2Pineapple Slice Combo4.2(694),https://www.zeptonow.com/pn/pineapple-slice-combo/pvid/72577d6d-f285-4a6c-a12a-7e7bf170565e,Pineapple Slice Combo,₹180,₹214,200 g X 2,4.2,(694),Fruits
1756118056-22,https://www.zeptonow.com/cn/fruits-vegetables/fruits-vegetables/cid/64374cfe-d06f-4a01-898e-c07c46462c36/scid/e78a8422-5f20-4e4b-9a9f-22a0e53962e3,ADD₹75₹93SAVE₹18500 g X 3Organic Onion Combo4.3(211),https://www.zeptonow.com/pn/organic-onion-combo/pvid/22009fe4-eef8-4f75-82ae-2c274837b067,Organic Onion Combo,₹75,₹93,500 g X 3,4.3,(211),No
1756118059-23,https://www.zeptonow.com/cn/fruits-vegetables/fruits-vegetables/cid/64374cfe-d06f-4a01-898e-c07c46462c36/scid/e78a8422-5f20-4e4b-9a9f-22a0e53962e3,ADD₹174₹210SAVE₹361 pc X 3Coconut Big Combo4.6(924),https://www.zeptonow.com/pn/coconut-big-combo/pvid/2c23bfd5-b9f0-42ba-9320-1a92889889b0,Coconut Big Combo,₹174,₹210,1 pc X 3,4.6,(924),Fruits
1756118061-24,https://www.zeptonow.com/cn/fruits-vegetables/fruits-vegetables/cid/64374cfe-d06f-4a01-898e-c07c46462c36/scid/e78a8422-5f20-4e4b-9a9f-22a0e53962e3,ADD₹60₹70SAVE₹101 kgOrganic Potato Combo4.2(195),https://www.zeptonow.com/pn/organic-potato-combo/pvid/6b1db682-067a-4470-b439-ab3499ad6214,Organic Potato Combo,₹60,₹70,1 kg,4.2,(195),No
1756118064-25,https://www.zeptonow.com/cn/fruits-vegetables/fruits-vegetables/cid/64374cfe-d06f-4a01-898e-c07c46462c36/scid/e78a8422-5f20-4e4b-9a9f-22a0e53962e3,ADD₹46₹54SAVE₹8250 g X 2Organic Lady Finger Combo4.2(988),https://www.zeptonow.com/pn/organic-lady-finger-combo/pvid/4c0f2b59-e638-48e3-92a2-cc9111bd1647,Organic Lady Finger Combo,₹46,₹54,250 g X 2,4.2,(988),No
1756118066-26,https://www.zeptonow.com/cn/fruits-vegetables/fruits-vegetables/cid/64374cfe-d06f-4a01-898e-c07c46462c36/scid/e78a8422-5f20-4e4b-9a9f-22a0e53962e3,ADD₹165₹198SAVE₹33500 g X 3Tomato Local Combo4.3(924),https://www.zeptonow.com/pn/tomato-local-combo/pvid/a85da8ba-dd16-44f2-ba5f-25ebb4a47c8f,Tomato Local Combo,₹165,₹198,500 g X 3,4.3,(924),BUNDLE
1756118069-27,https://www.zeptonow.com/cn/fruits-vegetables/fruits-vegetables/cid/64374cfe-d06f-4a01-898e-c07c46462c36/scid/e78a8422-5f20-4e4b-9a9f-22a0e53962e3,ADD₹68₹80SAVE₹12250 g X 2Beans Cluster (Gawar Phali) Combo4.7(998),https://www.zeptonow.com/pn/beans-cluster-gawar-phali-combo/pvid/29fac15e-5b94-4e15-b626-623899a3d533,Beans Cluster (Gawar Phali) Combo,₹68,₹80,250 g X 2,4.7,(998),No
1756118071-28,https://www.zeptonow.com/cn/fruits-vegetables/fruits-vegetables/cid/64374cfe-d06f-4a01-898e-c07c46462c36/scid/e78a8422-5f20-4e4b-9a9f-22a0e53962e3,ADD₹114₹142SAVE₹281 kg X 2Mosambi Regular Combo4.3(960),https://www.zeptonow.com/pn/mosambi-regular-combo/pvid/23de8961-bae3-40aa-aa95-c2a98c7b0e32,Mosambi Regular Combo,₹114,₹142,1 kg X 2,4.3,(960),Fruits
1756118074-29,https://www.zeptonow.com/cn/fruits-vegetables/fruits-vegetables/cid/64374cfe-d06f-4a01-898e-c07c46462c36/scid/e78a8422-5f20-4e4b-9a9f-22a0e53962e3,ADD₹80₹94SAVE₹14250 g X 2Parwal Combo4.5(922),https://www.zeptonow.com/pn/parwal-combo/pvid/53f236ae-d01b-4027-88a4-2da5ad2022e1,Parwal Combo,₹80,₹94,250 g X 2,4.5,(922),No
1756118076-30,https://www.zeptonow.com/cn/fruits-vegetables/fruits-vegetables/cid/64374cfe-d06f-4a01-898e-c07c46462c36/scid/e78a8422-5f20-4e4b-9a9f-22a0e53962e3,ADD₹102₹120SAVE₹18500 g X 2Tomato Hybrid Combo4.6(273),https://www.zeptonow.com/pn/tomato-hybrid-combo/pvid/94212978-a017-4ec4-b619-3578abf96a79,Tomato Hybrid Combo,₹102,₹120,500 g X 2,4.6,(273),No
1756118079-31,https://www.zeptonow.com/cn/fruits-vegetables/fruits-vegetables/cid/64374cfe-d06f-4a01-898e-c07c46462c36/scid/e78a8422-5f20-4e4b-9a9f-22a0e53962e3,ADD₹138₹174SAVE₹361 kg X 3Potato Combo4.3(996),https://www.zeptonow.com/pn/potato-combo/pvid/2a5cf8e9-9297-42e9-bd47-a5aa5a46022a,Potato Combo,₹138,₹174,1 kg X 3,4.3,(996),No
1756118089-32,https://www.zeptonow.com/cn/fruits-vegetables/fruits-vegetables/cid/64374cfe-d06f-4a01-898e-c07c46462c36/scid/e78a8422-5f20-4e4b-9a9f-22a0e53962e3,ADD₹156₹195SAVE₹39200 g X 3Mushroom Button Combo4.2(902),https://www.zeptonow.com/pn/mushroom-button-combo/pvid/ec2f97f7-718b-41e1-9cd8-f65343929b56,Mushroom Button Combo,₹156,₹195,200 g X 3,4.2,(902),No
1756118096-33,https://www.zeptonow.com/cn/fruits-vegetables/fruits-vegetables/cid/64374cfe-d06f-4a01-898e-c07c46462c36/scid/e78a8422-5f20-4e4b-9a9f-22a0e53962e3,ADD₹94₹112SAVE₹18500 g X 2Ridge Gourd Combo4.7(613),https://www.zeptonow.com/pn/ridge-gourd-combo/pvid/2c7cbb8a-6bac-40a8-a87b-09aea5caff4e,Ridge Gourd Combo,₹94,₹112,500 g X 2,4.7,(613),No
1756118103-34,https://www.zeptonow.com/cn/fruits-vegetables/fruits-vegetables/cid/64374cfe-d06f-4a01-898e-c07c46462c36/scid/e78a8422-5f20-4e4b-9a9f-22a0e53962e3,ADD₹94₹108SAVE₹141 kg X 2Onion Combo4.3(710),https://www.zeptonow.com/pn/onion-combo/pvid/a7530dde-ce3e-4209-8a7c-e0ac59a40af3,Onion Combo,₹94,₹108,1 kg X 2,4.3,(710),No
1756118110-35,https://www.zeptonow.com/cn/fruits-vegetables/fruits-vegetables/cid/64374cfe-d06f-4a01-898e-c07c46462c36/scid/e78a8422-5f20-4e4b-9a9f-22a0e53962e3,ADD₹98₹116SAVE₹181 kg X 2Potato Combo4.4(190),https://www.zeptonow.com/pn/potato-combo/pvid/0bf8a08c-51f6-4ab3-b295-05b8047707a4,Potato Combo,₹98,₹116,1 kg X 2,4.4,(190),No
1756118117-36,https://www.zeptonow.com/cn/fruits-vegetables/fruits-vegetables/cid/64374cfe-d06f-4a01-898e-c07c46462c36/scid/e78a8422-5f20-4e4b-9a9f-22a0e53962e3,ADD₹132₹162SAVE₹301 kg X 3Onion Combo4.7(126),https://www.zeptonow.com/pn/onion-combo/pvid/b4bde6b2-2da0-473c-9bec-471c98736c0a,Onion Combo,₹132,₹162,1 kg X 3,4.7,(126),No
1756118124-37,https://www.zeptonow.com/cn/fruits-vegetables/fruits-vegetables/cid/64374cfe-d06f-4a01-898e-c07c46462c36/scid/e78a8422-5f20-4e4b-9a9f-22a0e53962e3,ADD₹102₹120SAVE₹18500 g X 2Sweet Potato Combo4.4(160),https://www.zeptonow.com/pn/sweet-potato-combo/pvid/e84df596-0939-4f5f-bdf8-308f6aff915c,Sweet Potato Combo,₹102,₹120,500 g X 2,4.4,(160),BUNDLE
1756118131-38,https://www.zeptonow.com/cn/fruits-vegetables/fruits-vegetables/cid/64374cfe-d06f-4a01-898e-c07c46462c36/scid/e78a8422-5f20-4e4b-9a9f-22a0e53962e3,ADD₹92₹110SAVE₹18500 g X 2Carrot Ooty Combo4.2(882),https://www.zeptonow.com/pn/carrot-ooty-combo/pvid/ce3d93d5-4b70-4368-8777-36813169b315,Carrot Ooty Combo,₹92,₹110,500 g X 2,4.2,(882),No
1756118138-39,https://www.zeptonow.com/cn/fruits-vegetables/fruits-vegetables/cid/64374cfe-d06f-4a01-898e-c07c46462c36/scid/e78a8422-5f20-4e4b-9a9f-22a0e53962e3,ADD₹98₹116SAVE₹181 pc X 2Cauliflower Combo4.7(274),https://www.zeptonow.com/pn/cauliflower-combo/pvid/5a37f2c8-444c-429e-95f7-306f05e5da03,Cauliflower Combo,₹98,₹116,1 pc X 2,4.7,(274),No
1756118145-40,https://www.zeptonow.com/cn/fruits-vegetables/fruits-vegetables/cid/64374cfe-d06f-4a01-898e-c07c46462c36/scid/e78a8422-5f20-4e4b-9a9f-22a0e53962e3,ADD₹180₹212SAVE₹322 pc X 2Kiwi Green Jumbo Premium Combo4.3(79),https://www.zeptonow.com/pn/kiwi-green-jumbo-premium-combo/pvid/c4dc59f7-c8ab-44c9-80fc-8b8cd27dbdd3,Kiwi Green Jumbo Premium Combo,₹180,₹212,2 pc X 2,4.3,(79),Yes
1756118152-41,https://www.zeptonow.com/cn/fruits-vegetables/fruits-vegetables/cid/64374cfe-d06f-4a01-898e-c07c46462c36/scid/e78a8422-5f20-4e4b-9a9f-22a0e53962e3,ADD₹42₹48SAVE₹6250 g X 2Lady Finger Combo4.4(985),https://www.zeptonow.com/pn/lady-finger-combo/pvid/8ef6119d-6990-4b72-8d1b-94420cbd7a09,Lady Finger Combo,₹42,₹48,250 g X 2,4.4,(985),No
1756118160-42,https://www.zeptonow.com/cn/fruits-vegetables/fruits-vegetables/cid/64374cfe-d06f-4a01-898e-c07c46462c36/scid/e78a8422-5f20-4e4b-9a9f-22a0e53962e3,ADD₹74₹84SAVE₹10250 g X 2Beans French Combo4.6(616),https://www.zeptonow.com/pn/beans-french-combo/pvid/2710280f-29b2-437d-8842-e8d30e7c4555,Beans French Combo,₹74,₹84,250 g X 2,4.6,(616),No
1756118166-43,https://www.zeptonow.com/cn/fruits-vegetables/fruits-vegetables/cid/64374cfe-d06f-4a01-898e-c07c46462c36/scid/e78a8422-5f20-4e4b-9a9f-22a0e53962e3,ADD₹69₹81SAVE₹12250 g X 3Organic Lady Finger Combo4.7(856),https://www.zeptonow.com/pn/organic-lady-finger-combo/pvid/a009df8b-b857-444b-b0ec-6965f89e1df0,Organic Lady Finger Combo,₹69,₹81,250 g X 3,4.7,(856),Unbrand
1756118173-44,https://www.zeptonow.com/cn/fruits-vegetables/fruits-vegetables/cid/64374cfe-d06f-4a01-898e-c07c46462c36/scid/e78a8422-5f20-4e4b-9a9f-22a0e53962e3,ADD₹86₹100SAVE₹14200 g X 2Garlic Combo4.7(889),https://www.zeptonow.com/pn/garlic-combo/pvid/535cb474-f6b0-44e2-95b8-0c1181e08ce6,Garlic Combo,₹86,₹100,200 g X 2,4.7,(889),No
1756118182-45,https://www.zeptonow.com/cn/fruits-vegetables/fruits-vegetables/cid/64374cfe-d06f-4a01-898e-c07c46462c36/scid/e78a8422-5f20-4e4b-9a9f-22a0e53962e3,ADD₹86₹104SAVE₹184 pc X 2Banana Robusta Combo4.4(307),https://www.zeptonow.com/pn/banana-robusta-combo/pvid/1d4dbbbb-8ee0-4d98-bd2b-e94a4e4dc936,Banana Robusta Combo,₹86,₹104,4 pc X 2,4.4,(307),BUNDLE
1756118190-46,https://www.zeptonow.com/cn/fruits-vegetables/fruits-vegetables/cid/64374cfe-d06f-4a01-898e-c07c46462c36/scid/e78a8422-5f20-4e4b-9a9f-22a0e53962e3,ADD₹50₹58SAVE₹8300 g X 2Sponge Gourd Combo4.3(717),https://www.zeptonow.com/pn/sponge-gourd-combo/pvid/6585b222-ef56-4bee-bd0d-0a178e09fe9c,Sponge Gourd Combo,₹50,₹58,300 g X 2,4.3,(717),BUNDLE
1756118197-47,https://www.zeptonow.com/cn/fruits-vegetables/fruits-vegetables/cid/64374cfe-d06f-4a01-898e-c07c46462c36/scid/e78a8422-5f20-4e4b-9a9f-22a0e53962e3,ADD₹122₹142SAVE₹20500 g X 2Organic Tomato Combo4.5(318),https://www.zeptonow.com/pn/organic-tomato-combo/pvid/3be60063-26f8-445b-a1c3-17d94997a1be,Organic Tomato Combo,₹122,₹142,500 g X 2,4.5,(318),No
1756118204-48,https://www.zeptonow.com/cn/fruits-vegetables/fruits-vegetables/cid/64374cfe-d06f-4a01-898e-c07c46462c36/scid/e78a8422-5f20-4e4b-9a9f-22a0e53962e3,ADD₹66₹76SAVE₹10500 g X 2Beetroot Combo4.7(227),https://www.zeptonow.com/pn/beetroot-combo/pvid/957a53f4-dfc2-42fa-ad8f-339d7fa0f2fd,Beetroot Combo,₹66,₹76,500 g X 2,4.7,(227),BUNDLE
1756118211-49,https://www.zeptonow.com/cn/fruits-vegetables/fruits-vegetables/cid/64374cfe-d06f-4a01-898e-c07c46462c36/scid/e78a8422-5f20-4e4b-9a9f-22a0e53962e3,ADD₹52₹62SAVE₹10500 g X 2Organic Onion Combo4.6(661),https://www.zeptonow.com/pn/organic-onion-combo/pvid/e1569332-f9fd-4a68-b221-ddbd2273abde,Organic Onion Combo,₹52,₹62,500 g X 2,4.6,(661),No
1756118218-50,https://www.zeptonow.com/cn/fruits-vegetables/fruits-vegetables/cid/64374cfe-d06f-4a01-898e-c07c46462c36/scid/e78a8422-5f20-4e4b-9a9f-22a0e53962e3,ADD₹72₹84SAVE₹12250 g X 2Lemon Combo4.6(935),https://www.zeptonow.com/pn/lemon-combo/pvid/739c1a45-5ce5-4062-9362-4f9e783f51f5,Lemon Combo,₹72,₹84,250 g X 2,4.6,(935),BUNDLE
1756118225-51,https://www.zeptonow.com/cn/fruits-vegetables/fruits-vegetables/cid/64374cfe-d06f-4a01-898e-c07c46462c36/scid/e78a8422-5f20-4e4b-9a9f-22a0e53962e3,ADD₹58₹70SAVE₹12500 g X 2Cucumber English Combo4.7(938),https://www.zeptonow.com/pn/cucumber-english-combo/pvid/c11b0568-5bdc-49e5-8f75-3049ca2d03a5,Cucumber English Combo,₹58,₹70,500 g X 2,4.7,(938),No
1756118232-52,https://www.zeptonow.com/cn/fruits-vegetables/fruits-vegetables/cid/64374cfe-d06f-4a01-898e-c07c46462c36/scid/e78a8422-5f20-4e4b-9a9f-22a0e53962e3,ADD₹70₹82SAVE₹12250 g X 2Papdi Val Combo4.6(313),https://www.zeptonow.com/pn/papdi-val-combo/pvid/68f49398-8a07-4fde-bc13-7be9dd096b31,Papdi Val Combo,₹70,₹82,250 g X 2,4.6,(313),No
1756118240-53,https://www.zeptonow.com/cn/fruits-vegetables/fruits-vegetables/cid/64374cfe-d06f-4a01-898e-c07c46462c36/scid/e78a8422-5f20-4e4b-9a9f-22a0e53962e3,ADD₹80₹94SAVE₹14500 g X 2Banana Robusta Baby Combo4.7(75),https://www.zeptonow.com/pn/banana-robusta-baby-combo/pvid/86cdef31-03ff-4ca4-87e9-1e29cdca4449,Banana Robusta Baby Combo,₹80,₹94,500 g X 2,4.7,(75),BUNDLE
1756118247-54,https://www.zeptonow.com/cn/fruits-vegetables/fruits-vegetables/cid/64374cfe-d06f-4a01-898e-c07c46462c36/scid/e78a8422-5f20-4e4b-9a9f-22a0e53962e3,ADD₹72₹87SAVE₹15300 g X 3Sponge Gourd Combo4.3(348),https://www.zeptonow.com/pn/sponge-gourd-combo/pvid/c6ae6531-fb4c-48eb-8432-e455d0b9c7f5,Sponge Gourd Combo,₹72,₹87,300 g X 3,4.3,(348),BUNDLE
1756118254-55,https://www.zeptonow.com/cn/fruits-vegetables/fruits-vegetables/cid/64374cfe-d06f-4a01-898e-c07c46462c36/scid/e78a8422-5f20-4e4b-9a9f-22a0e53962e3,ADD₹90₹104SAVE₹141 pc X 2Bottle Gourd Combo4.5(930),https://www.zeptonow.com/pn/bottle-gourd-combo/pvid/3501c28a-014e-455f-a75c-4fadf0272740,Bottle Gourd Combo,,₹104,1 pc X 2,4.5,(930),No
1756118261-56,https://www.zeptonow.com/cn/fruits-vegetables/fruits-vegetables/cid/64374cfe-d06f-4a01-898e-c07c46462c36/scid/e78a8422-5f20-4e4b-9a9f-22a0e53962e3,ADD₹84₹96SAVE₹12100 g X 2Hydroponic Coriander Combo4.2(386),https://www.zeptonow.com/pn/hydroponic-coriander-combo/pvid/558249bb-ce28-483b-a399-94bd1587e7b6,Hydroponic Coriander Combo,₹84,₹96,100 g X 2,4.2,(386),BUNDLE
1756118269-57,https://www.zeptonow.com/cn/fruits-vegetables/fruits-vegetables/cid/64374cfe-d06f-4a01-898e-c07c46462c36/scid/e78a8422-5f20-4e4b-9a9f-22a0e53962e3,ADD₹60₹70SAVE₹10150 g X 2Chilli Green Spicy Combo4.3(396),https://www.zeptonow.com/pn/chilli-green-spicy-combo/pvid/a16987c6-d432-46b8-8da6-9da6ff21dc85,Chilli Green Spicy Combo,₹60,₹70,150 g X 2,4.3,(396),BUNDLE
1756118275-58,https://www.zeptonow.com/cn/fruits-vegetables/fruits-vegetables/cid/64374cfe-d06f-4a01-898e-c07c46462c36/scid/e78a8422-5f20-4e4b-9a9f-22a0e53962e3,ADD₹68₹80SAVE₹12200 g X 2Ginger Combo4.6(844),https://www.zeptonow.com/pn/ginger-combo/pvid/f4cdd295-4537-4155-8af9-9050e851c611,Ginger Combo,₹68,₹80,200 g X 2,4.6,(844),BUNDLE
1756118283-59,https://www.zeptonow.com/cn/fruits-vegetables/fruits-vegetables/cid/64374cfe-d06f-4a01-898e-c07c46462c36/scid/e78a8422-5f20-4e4b-9a9f-22a0e53962e3,ADD₹58₹70SAVE₹12500 g X 2Banana Raw Combo4.7(593),https://www.zeptonow.com/pn/banana-raw-combo/pvid/1e3a09d7-373b-4f0e-878b-2f00852c5194,Banana Raw Combo,₹58,₹70,500 g X 2,4.7,(593),BUNDLE
1756118290-60,https://www.zeptonow.com/cn/fruits-vegetables/fruits-vegetables/cid/64374cfe-d06f-4a01-898e-c07c46462c36/scid/e78a8422-5f20-4e4b-9a9f-22a0e53962e3,ADD₹106₹124SAVE₹18500 g X 2Coccinia Combo4.5(886),https://www.zeptonow.com/pn/coccinia-combo/pvid/9ff6cbfc-b832-410f-ae15-5f584ad02383,Coccinia Combo,₹106,₹124,500 g X 2,4.5,(886),BUNDLE
1756118298-61,https://www.zeptonow.com/cn/fruits-vegetables/fruits-vegetables/cid/64374cfe-d06f-4a01-898e-c07c46462c36/scid/e78a8422-5f20-4e4b-9a9f-22a0e53962e3,ADD₹46₹54SAVE₹8250 g X 2Bitter Gourd Combo4.4(908),https://www.zeptonow.com/pn/bitter-gourd-combo/pvid/856f969b-9008-4e20-8794-d4193348455e,Bitter Gourd Combo,₹46,₹54,250 g X 2,4.4,(908),No
1756118306-62,https://www.zeptonow.com/cn/fruits-vegetables/fruits-vegetables/cid/64374cfe-d06f-4a01-898e-c07c46462c36/scid/e78a8422-5f20-4e4b-9a9f-22a0e53962e3,ADD₹56₹66SAVE₹10200 g X 2Pluckk Pumpkin Cut Combo4.7(537),https://www.zeptonow.com/pn/pluckk-pumpkin-cut-combo/pvid/e1760383-4698-4007-afa6-862d6c1f5cea,Pluckk Pumpkin Cut Combo,₹56,₹66,200 g X 2,4.7,(537),No
1756118315-63,https://www.zeptonow.com/cn/fruits-vegetables/fruits-vegetables/cid/64374cfe-d06f-4a01-898e-c07c46462c36/scid/e78a8422-5f20-4e4b-9a9f-22a0e53962e3,ADD₹58₹72SAVE₹14100 g X 2Garlic Peeled Combo4.4(970),https://www.zeptonow.com/pn/garlic-peeled-combo/pvid/a017d6d9-4b9b-445b-8815-a2612e04c8bf,Garlic Peeled Combo,₹58,₹72,100 g X 2,4.4,(970),No
1756118323-64,https://www.zeptonow.com/cn/fruits-vegetables/fruits-vegetables/cid/64374cfe-d06f-4a01-898e-c07c46462c36/scid/e78a8422-5f20-4e4b-9a9f-22a0e53962e3,ADD₹44₹52SAVE₹8100 g X 2Mint Leaves Combo4.3(678),https://www.zeptonow.com/pn/mint-leaves-combo/pvid/a90537d3-693c-4c01-8b7d-25ef215a7509,Mint Leaves Combo,₹44,₹52,100 g X 2,4.3,(678),No
1756118331-65,https://www.zeptonow.com/cn/fruits-vegetables/fruits-vegetables/cid/64374cfe-d06f-4a01-898e-c07c46462c36/scid/e78a8422-5f20-4e4b-9a9f-22a0e53962e3,ADD₹54₹62SAVE₹8500 g X 2Cucumber White (Pandhri Kakdi) Combo4.6(729),https://www.zeptonow.com/pn/cucumber-white-pandhri-kakdi-combo/pvid/ea81609d-e2ed-4eb2-ae98-752f14ffab45,Cucumber White (Pandhri Kakdi) Combo,₹54,₹62,500 g X 2,4.6,(729),No
1756118339-66,https://www.zeptonow.com/cn/fruits-vegetables/fruits-vegetables/cid/64374cfe-d06f-4a01-898e-c07c46462c36/scid/e78a8422-5f20-4e4b-9a9f-22a0e53962e3,ADD₹57₹69SAVE₹125 pc X 3Colocasia Leaves (Arvi Patta) Combo4.4(497),https://www.zeptonow.com/pn/colocasia-leaves-arvi-patta-combo/pvid/a3510216-02ae-4526-8be5-e3f802922b1c,Colocasia Leaves (Arvi Patta) Combo,₹57,₹69,5 pc X 3,4.4,(497),No
1756118347-67,https://www.zeptonow.com/cn/fruits-vegetables/fruits-vegetables/cid/64374cfe-d06f-4a01-898e-c07c46462c36/scid/e78a8422-5f20-4e4b-9a9f-22a0e53962e3,ADD₹93₹117SAVE₹24250 g X 3Lettuce Iceberg Combo4.4(142),https://www.zeptonow.com/pn/lettuce-iceberg-combo/pvid/897b7318-2748-4f92-bcca-d01d9868b532,Lettuce Iceberg Combo,₹93,₹117,250 g X 3,4.4,(142),No
1756118354-68,https://www.zeptonow.com/cn/fruits-vegetables/fruits-vegetables/cid/64374cfe-d06f-4a01-898e-c07c46462c36/scid/e78a8422-5f20-4e4b-9a9f-22a0e53962e3,ADD₹180₹213SAVE₹33500 g X 3Organic Tomato Combo4.5(254),https://www.zeptonow.com/pn/organic-tomato-combo/pvid/b6affdab-2d0a-4796-9c9d-30e4af3fd0cb,Organic Tomato Combo,₹180,₹213,500 g X 3,4.5,(254),Unbrand
1756118362-69,https://www.zeptonow.com/cn/fruits-vegetables/fruits-vegetables/cid/64374cfe-d06f-4a01-898e-c07c46462c36/scid/e78a8422-5f20-4e4b-9a9f-22a0e53962e3,ADD₹42₹50SAVE₹8100 g X 2Coriander leaves Combo4.6(869),https://www.zeptonow.com/pn/coriander-leaves-combo/pvid/e91c9bd2-dfbb-4f82-b079-0f85cc2579ec,Coriander leaves Combo,₹42,₹50,100 g X 2,4.6,(869),No
1756118371-70,https://www.zeptonow.com/cn/fruits-vegetables/fruits-vegetables/cid/64374cfe-d06f-4a01-898e-c07c46462c36/scid/e78a8422-5f20-4e4b-9a9f-22a0e53962e3,ADD₹66₹78SAVE₹12250 g X 2Lettuce Iceberg Combo4.3(734),https://www.zeptonow.com/pn/lettuce-iceberg-combo/pvid/f8be21af-353f-45fc-99a3-381ba58409c4,Lettuce Iceberg Combo,₹66,₹78,250 g X 2,4.3,(734),No
1756118379-71,https://www.zeptonow.com/cn/fruits-vegetables/fruits-vegetables/cid/64374cfe-d06f-4a01-898e-c07c46462c36/scid/e78a8422-5f20-4e4b-9a9f-22a0e53962e3,ADD₹50₹58SAVE₹8250 g X 2Amaranthus Red Combo4.3(235),https://www.zeptonow.com/pn/amaranthus-red-combo/pvid/2e02be2e-3d52-4faa-91f2-95ac044d93d7,Amaranthus Red Combo,₹50,₹58,250 g X 2,4.3,(235),No
1756118386-72,https://www.zeptonow.com/cn/fruits-vegetables/fruits-vegetables/cid/64374cfe-d06f-4a01-898e-c07c46462c36/scid/e78a8422-5f20-4e4b-9a9f-22a0e53962e3,ADD₹40₹46SAVE₹65 pc X 2Colocasia Leaves (Arvi Patta) Combo4.2(701),https://www.zeptonow.com/pn/colocasia-leaves-arvi-patta-combo/pvid/47ac722d-45d1-4dae-8037-a2d89210dd82,Colocasia Leaves (Arvi Patta) Combo,₹40,₹46,5 pc X 2,4.2,(701),No
1756118394-73,https://www.zeptonow.com/cn/fruits-vegetables/fruits-vegetables/cid/64374cfe-d06f-4a01-898e-c07c46462c36/scid/e78a8422-5f20-4e4b-9a9f-22a0e53962e3,ADD₹24₹26SAVE₹250 g X 2Lemongrass Combo4.6(290),https://www.zeptonow.com/pn/lemongrass-combo/pvid/23131d37-2b9a-4ce4-9d88-f237ae8dd15e,Lemongrass Combo,₹24,₹26,50 g X 2,4.6,(290),No
1756118402-74,https://www.zeptonow.com/cn/fruits-vegetables/fruits-vegetables/cid/64374cfe-d06f-4a01-898e-c07c46462c36/scid/e78a8422-5f20-4e4b-9a9f-22a0e53962e3,ADD₹51₹60SAVE₹910 g X 3Rosemary Combo4.6(969),https://www.zeptonow.com/pn/rosemary-combo/pvid/9f14e812-6adc-4a47-9203-83cd0bb05255,Rosemary Combo,₹51,₹60,10 g X 3,4.6,(969),No
1756118411-75,https://www.zeptonow.com/cn/fruits-vegetables/fruits-vegetables/cid/64374cfe-d06f-4a01-898e-c07c46462c36/scid/e78a8422-5f20-4e4b-9a9f-22a0e53962e3,ADD₹252₹300SAVE₹482 pc X 2Apple Red Delicious Combo4.4(735),https://www.zeptonow.com/pn/apple-red-delicious-combo/pvid/528c9866-756c-4e37-8c03-e43538b365b5,Apple Red Delicious Combo,₹252,₹300,2 pc X 2,4.4,(735),Yes
1756118419-76,https://www.zeptonow.com/cn/fruits-vegetables/fruits-vegetables/cid/64374cfe-d06f-4a01-898e-c07c46462c36/scid/e78a8422-5f20-4e4b-9a9f-22a0e53962e3,ADD₹63₹71SAVE₹81 pieceLeek4.6(417),https://www.zeptonow.com/pn/leek/pvid/69bfd40c-deeb-464d-ad7c-c4efe1203dc1,Leek,₹63,₹71,1 piece,4.6,(417),Unbranded
1756118427-77,https://www.zeptonow.com/cn/fruits-vegetables/fruits-vegetables/cid/64374cfe-d06f-4a01-898e-c07c46462c36/scid/e78a8422-5f20-4e4b-9a9f-22a0e53962e3,ADD₹51₹58SAVE₹7100 gGalangal / Thai Ginger5(160),https://www.zeptonow.com/pn/galangal-thai-ginger/pvid/50a9ed68-64a5-4cbc-8e06-44966566fc17,Galangal / Thai Ginger,₹51,₹58,100 g,5,(160),Unbranded
1756118436-78,https://www.zeptonow.com/cn/fruits-vegetables/fruits-vegetables/cid/64374cfe-d06f-4a01-898e-c07c46462c36/scid/e78a8422-5f20-4e4b-9a9f-22a0e53962e3,ADD₹29₹33SAVE₹4200 gKale5(233),https://www.zeptonow.com/pn/kale/pvid/5ca69566-ed7b-44a3-9c2e-42a79d6db9c9,Kale,₹29,₹33,200 g,5,(233),No
1756118444-79,https://www.zeptonow.com/cn/fruits-vegetables/fruits-vegetables/cid/64374cfe-d06f-4a01-898e-c07c46462c36/scid/e78a8422-5f20-4e4b-9a9f-22a0e53962e3,ADD₹116₹131SAVE₹152 pieceApple Pink Lady3.9(415),https://www.zeptonow.com/pn/apple-pink-lady/pvid/5eca6aeb-2cb7-49be-9fb2-d9d73b1b74ff,Apple Pink Lady,₹116,₹131,2 piece,3.9,(415),Fruits
1756118451-80,https://www.zeptonow.com/cn/fruits-vegetables/fruits-vegetables/cid/64374cfe-d06f-4a01-898e-c07c46462c36/scid/e78a8422-5f20-4e4b-9a9f-22a0e53962e3,ADD₹51₹58SAVE₹7100 gRoquette / Arugula4.8(57),https://www.zeptonow.com/pn/roquette-arugula/pvid/b7174834-9d05-41c7-b49a-844b38ce90d2,Roquette / Arugula,₹51,₹58,100 g,4.8,(57),Unbranded
1756118459-81,https://www.zeptonow.com/cn/fruits-vegetables/fruits-vegetables/cid/64374cfe-d06f-4a01-898e-c07c46462c36/scid/e78a8422-5f20-4e4b-9a9f-22a0e53962e3,ADD₹95₹107SAVE₹122 pieceApple Royal Gala Indian3.9(105),https://www.zeptonow.com/pn/apple-royal-gala-indian/pvid/419f3bb6-88c4-4ab1-8c53-c1d8dfa60910,Apple Royal Gala Indian,₹95,₹107,2 piece,3.9,(105),Unbranded
1756118471-82,https://www.zeptonow.com/cn/fruits-vegetables/fruits-vegetables/cid/64374cfe-d06f-4a01-898e-c07c46462c36/scid/e78a8422-5f20-4e4b-9a9f-22a0e53962e3,ADD₹144₹162SAVE₹182 pcsDragon Fruit Imported4.2(2.0k),https://www.zeptonow.com/pn/dragon-fruit-imported/pvid/4e03b33d-d960-4200-918c-9ea952084db6,Dragon Fruit Imported,₹144,₹162,2 pcs,4.2,(2.0k),Unbranded
1756118478-83,https://www.zeptonow.com/cn/fruits-vegetables/fruits-vegetables/cid/64374cfe-d06f-4a01-898e-c07c46462c36/scid/e78a8422-5f20-4e4b-9a9f-22a0e53962e3,ADD₹20₹22SAVE₹21 Pc (200-300 gm)Cucumber White (Pandhri Kakdi)4.6(650),https://www.zeptonow.com/pn/cucumber-white-pandhri-kakdi/pvid/ea2e56a5-fa55-416f-91c6-0fa2ebacd66a,Cucumber White (Pandhri Kakdi),₹20,₹22,1 Pc (200-300 gm),4.6,(650),Vegetable
1756118486-84,https://www.zeptonow.com/cn/fruits-vegetables/fruits-vegetables/cid/64374cfe-d06f-4a01-898e-c07c46462c36/scid/e78a8422-5f20-4e4b-9a9f-22a0e53962e3,ADD₹135₹152SAVE₹172 x (280 - 300 g)Pear Beauty4.2(1.7k),https://www.zeptonow.com/pn/pear-beauty/pvid/f69ee51a-f627-4964-b2aa-36fa291f0fcb,Pear Beauty,₹135,₹152,2 x (280 - 300 g),4.2,(1.7k),Fruits
1756118494-85,https://www.zeptonow.com/cn/fruits-vegetables/fruits-vegetables/cid/64374cfe-d06f-4a01-898e-c07c46462c36/scid/e78a8422-5f20-4e4b-9a9f-22a0e53962e3,ADD₹26₹29SAVE₹31 pcBanana Stem4.2(6.2k),https://www.zeptonow.com/pn/banana-stem/pvid/84f7b613-e372-4c87-b773-43a51d91357a,Banana Stem,₹26,₹29,1 pc,4.2,(6.2k),Vegetable
1756118502-86,https://www.zeptonow.com/cn/fruits-vegetables/fruits-vegetables/cid/64374cfe-d06f-4a01-898e-c07c46462c36/scid/e78a8422-5f20-4e4b-9a9f-22a0e53962e3,ADD₹94₹106SAVE₹122 pcsKiwi Green Jumbo Premium4(779),https://www.zeptonow.com/pn/kiwi-green-jumbo-premium/pvid/d3e1a1d5-d770-4434-a53a-0744503c1695,Kiwi Green Jumbo Premium,₹94,₹106,2 pcs,4,(779),Fruits
1756118510-87,https://www.zeptonow.com/cn/fruits-vegetables/fruits-vegetables/cid/64374cfe-d06f-4a01-898e-c07c46462c36/scid/e78a8422-5f20-4e4b-9a9f-22a0e53962e3,ADD₹97₹109SAVE₹12250 gSpine Gourd (Kantola)4.3(656),https://www.zeptonow.com/pn/spine-gourd-kantola/pvid/5b233b0e-1653-433a-8375-b91b35b8d104,Spine Gourd (Kantola),₹97,₹109,250 g,4.3,(656),Unbranded
1756118519-88,https://www.zeptonow.com/cn/fruits-vegetables/fruits-vegetables/cid/64374cfe-d06f-4a01-898e-c07c46462c36/scid/e78a8422-5f20-4e4b-9a9f-22a0e53962e3,ADD₹73₹110SAVE₹371 pcs(125 -175 g)Red Bell Pepper4.4(63),https://www.zeptonow.com/pn/red-bell-pepper/pvid/8e250415-965f-4069-b741-9789712f818e,Red Bell Pepper,₹73,₹110,1 pcs(125 -175 g),4.4,(63),Unbranded
1756118528-89,https://www.zeptonow.com/cn/fruits-vegetables/fruits-vegetables/cid/64374cfe-d06f-4a01-898e-c07c46462c36/scid/e78a8422-5f20-4e4b-9a9f-22a0e53962e3,ADD₹33₹60SAVE₹27500 gPotato Red4.1(2.4k),https://www.zeptonow.com/pn/potato-red/pvid/ae3b1561-c44a-4667-9da9-7a37c4f2a1b4,Potato Red,₹33,₹60,500 g,4.1,(2.4k),No
1756118537-90,https://www.zeptonow.com/cn/fruits-vegetables/fruits-vegetables/cid/64374cfe-d06f-4a01-898e-c07c46462c36/scid/e78a8422-5f20-4e4b-9a9f-22a0e53962e3,ADD₹108₹121SAVE₹13500 gSambar Onion4.5(858),https://www.zeptonow.com/pn/sambar-onion/pvid/548b25f4-fd07-4b5e-bce8-2e4241ef4c09,Sambar Onion,₹108,₹121,500 g,4.5,(858),Unbranded
1756118545-91,https://www.zeptonow.com/cn/fruits-vegetables/fruits-vegetables/cid/64374cfe-d06f-4a01-898e-c07c46462c36/scid/e78a8422-5f20-4e4b-9a9f-22a0e53962e3,ADD₹296₹334SAVE₹3880 gRaspberry4.9(706),https://www.zeptonow.com/pn/raspberry/pvid/9576e6ab-3da2-4f0a-9545-617002c1abad,Raspberry,₹296,₹334,80 g,4.9,(706),Fruits
1756118554-92,https://www.zeptonow.com/cn/fruits-vegetables/fruits-vegetables/cid/64374cfe-d06f-4a01-898e-c07c46462c36/scid/e78a8422-5f20-4e4b-9a9f-22a0e53962e3,ADD₹108₹121SAVE₹13250 gLotus Stem4.6(220),https://www.zeptonow.com/pn/lotus-stem/pvid/9cb5d71a-cd7d-4aee-9bae-735c0aec57ae,Lotus Stem,₹108,₹121,250 g,4.6,(220),Unbranded
1756118562-93,https://www.zeptonow.com/cn/fruits-vegetables/fruits-vegetables/cid/64374cfe-d06f-4a01-898e-c07c46462c36/scid/e78a8422-5f20-4e4b-9a9f-22a0e53962e3,ADD₹234₹264SAVE₹306 pieceApple Royal Gala Indian4.6(162),https://www.zeptonow.com/pn/apple-royal-gala-indian/pvid/0447e3cb-45af-4724-b227-e858bdd45755,Apple Royal Gala Indian,₹234,₹264,6 piece,4.6,(162),Unbranded
1756118571-94,https://www.zeptonow.com/cn/fruits-vegetables/fruits-vegetables/cid/64374cfe-d06f-4a01-898e-c07c46462c36/scid/e78a8422-5f20-4e4b-9a9f-22a0e53962e3,ADD₹49₹54SAVE₹5500 gSnake Gourd4.2(160),https://www.zeptonow.com/pn/snake-gourd/pvid/8b2d5b12-2e98-4d7f-b609-f371d4079b17,Snake Gourd,₹49,₹54,500 g,4.2,(160),Unbranded
1756118580-95,https://www.zeptonow.com/cn/fruits-vegetables/fruits-vegetables/cid/64374cfe-d06f-4a01-898e-c07c46462c36/scid/e78a8422-5f20-4e4b-9a9f-22a0e53962e3,ADD₹19₹21SAVE₹21 pc (150-250 gm)Beetroot3.9(1.2k),https://www.zeptonow.com/pn/beetroot/pvid/c0b246b0-98e8-48fb-81d7-f38194af6bc8,Beetroot,₹19,₹21,1 pc (150-250 gm),3.9,(1.2k),Vegetable
1756118590-96,https://www.zeptonow.com/cn/fruits-vegetables/fruits-vegetables/cid/64374cfe-d06f-4a01-898e-c07c46462c36/scid/e78a8422-5f20-4e4b-9a9f-22a0e53962e3,ADD₹103₹119SAVE₹16500 gBanana Red Semi Ripe4.1(25.2k),https://www.zeptonow.com/pn/banana-red-semi-ripe/pvid/264e060e-91b9-4cbc-983a-f161d02cd5fa,Banana Red Semi Ripe,₹103,₹119,500 g,4.1,(25.2k),Unbranded
1756118599-97,https://www.zeptonow.com/cn/fruits-vegetables/fruits-vegetables/cid/64374cfe-d06f-4a01-898e-c07c46462c36/scid/e78a8422-5f20-4e4b-9a9f-22a0e53962e3,ADD₹35₹39SAVE₹41 pc (350 - 500 g)Papaya Raw4.1(4.3k),https://www.zeptonow.com/pn/papaya-raw/pvid/1ac5f6f3-a9dc-4c3c-9d6e-3c22fa824365,Papaya Raw,₹35,₹39,1 pc (350 - 500 g),4.1,(4.3k),Vegetable
1756118607-98,https://www.zeptonow.com/cn/fruits-vegetables/fruits-vegetables/cid/64374cfe-d06f-4a01-898e-c07c46462c36/scid/e78a8422-5f20-4e4b-9a9f-22a0e53962e3,ADD₹19₹22SAVE₹310 gThyme4(300),https://www.zeptonow.com/pn/thyme/pvid/728956d0-2704-4f6e-8f75-bea7ceae2fb7,Thyme,₹19,₹22,10 g,4,(300),Unbranded
1756118617-99,https://www.zeptonow.com/cn/fruits-vegetables/fruits-vegetables/cid/64374cfe-d06f-4a01-898e-c07c46462c36/scid/e78a8422-5f20-4e4b-9a9f-22a0e53962e3,ADD₹22₹25SAVE₹3250 gBrinjal Long Purple4.4(6.1k),https://www.zeptonow.com/pn/brinjal-long-purple/pvid/272a51c3-afd9-45ab-b4f6-0566d4ff1d27,Brinjal Long Purple,₹22,₹25,250 g,4.4,(6.1k),Unbranded
1756118624-100,https://www.zeptonow.com/cn/fruits-vegetables/fruits-vegetables/cid/64374cfe-d06f-4a01-898e-c07c46462c36/scid/e78a8422-5f20-4e4b-9a9f-22a0e53962e3,ADD₹69₹80SAVE₹11600 - 900 gSun Melon4(116),https://www.zeptonow.com/pn/sun-melon/pvid/00fdb970-1649-49e6-8d8b-0d2c738f1cce,Sun Melon,₹69,₹80,600 - 900 g,4,(116),Fruits
1756118628-101,https://www.zeptonow.com/cn/fruits-vegetables/fruits-vegetables/cid/64374cfe-d06f-4a01-898e-c07c46462c36/scid/e78a8422-5f20-4e4b-9a9f-22a0e53962e3,ADD₹85₹96SAVE₹112 pcsPear Green Imported4.5(2.7k),https://www.zeptonow.com/pn/pear-green-imported/pvid/3a954c1e-5511-45d1-9d26-f80dbe1d8a99,Pear Green Imported,₹85,₹96,2 pcs,4.5,(2.7k),Fruits
1756118630-102,https://www.zeptonow.com/cn/fruits-vegetables/fruits-vegetables/cid/64374cfe-d06f-4a01-898e-c07c46462c36/scid/e78a8422-5f20-4e4b-9a9f-22a0e53962e3,ADD₹21₹23SAVE₹2250 gBrinjal Nagpur4.3(8.1k),https://www.zeptonow.com/pn/brinjal-nagpur/pvid/79e339f8-fe4c-4fa2-adf9-7eb5454bb335,Brinjal Nagpur,₹21,₹23,250 g,4.3,(8.1k),Unbranded
1756118633-103,https://www.zeptonow.com/cn/fruits-vegetables/fruits-vegetables/cid/64374cfe-d06f-4a01-898e-c07c46462c36/scid/e78a8422-5f20-4e4b-9a9f-22a0e53962e3,ADD₹18₹20SAVE₹210 gRosemary4.6(8.1k),https://www.zeptonow.com/pn/rosemary/pvid/0db4bc7d-93bb-4db5-af86-cd2ec220a91f,Rosemary,₹18,₹20,10 g,4.6,(8.1k),Unbranded
1756118636-104,https://www.zeptonow.com/cn/fruits-vegetables/fruits-vegetables/cid/64374cfe-d06f-4a01-898e-c07c46462c36/scid/e78a8422-5f20-4e4b-9a9f-22a0e53962e3,ADD₹133₹150SAVE₹172 pcsApple Red Delicious4.4(3.6k),https://www.zeptonow.com/pn/apple-red-delicious/pvid/0511bee7-b11d-4fa1-94dd-fb73cde72b27,Apple Red Delicious,₹133,₹150,2 pcs,4.4,(3.6k),Fruits
1756118639-105,https://www.zeptonow.com/cn/fruits-vegetables/fruits-vegetables/cid/64374cfe-d06f-4a01-898e-c07c46462c36/scid/e78a8422-5f20-4e4b-9a9f-22a0e53962e3,ADD₹26₹29SAVE₹3250 gForest Bitter Gourd4(3.0k),https://www.zeptonow.com/pn/forest-bitter-gourd/pvid/8ec16480-aa08-40a8-9065-fa5a8e9bff78,Forest Bitter Gourd,₹26,₹29,250 g,4,(3.0k),No
1756118642-106,https://www.zeptonow.com/cn/fruits-vegetables/fruits-vegetables/cid/64374cfe-d06f-4a01-898e-c07c46462c36/scid/e78a8422-5f20-4e4b-9a9f-22a0e53962e3,ADD₹25₹29SAVE₹42 x (250 - 325 g)Mosambi4.1(26.0k),https://www.zeptonow.com/pn/mosambi/pvid/aadd01af-1df0-4843-ae4e-aac9297804de,Mosambi,₹25,₹29,2 x (250 - 325 g),4.1,(26.0k),Fruits
1756118644-107,https://www.zeptonow.com/cn/fruits-vegetables/fruits-vegetables/cid/64374cfe-d06f-4a01-898e-c07c46462c36/scid/e78a8422-5f20-4e4b-9a9f-22a0e53962e3,ADD₹60₹66SAVE₹6500 gColocasia (Arbi)4.4(3.8k),https://www.zeptonow.com/pn/colocasia-arbi/pvid/35cd777c-95c1-4303-8e13-a4972a4b6464,Colocasia (Arbi),₹60,₹66,500 g,4.4,(3.8k),No
1756118650-108,https://www.zeptonow.com/cn/fruits-vegetables/fruits-vegetables/cid/64374cfe-d06f-4a01-898e-c07c46462c36/scid/e78a8422-5f20-4e4b-9a9f-22a0e53962e3,ADD₹34₹39SAVE₹5250 gCelery4.5(1.7k),https://www.zeptonow.com/pn/celery/pvid/b999f05e-4c07-4ac5-a077-e0d150307e5c,Celery,₹34,₹39,250 g,4.5,(1.7k),Unbranded
1756118653-109,https://www.zeptonow.com/cn/fruits-vegetables/fruits-vegetables/cid/64374cfe-d06f-4a01-898e-c07c46462c36/scid/e78a8422-5f20-4e4b-9a9f-22a0e53962e3,ADD₹21₹24SAVE₹32 pcs (200-300 gm)Cucumber English4.4(2.1k),https://www.zeptonow.com/pn/cucumber-english/pvid/3342efab-01fe-4cd0-b8c2-f19c7b6c2bdc,Cucumber English,₹21,₹24,2 pcs (200-300 gm),4.4,(2.1k),Vegetable
1756118656-110,https://www.zeptonow.com/cn/fruits-vegetables/fruits-vegetables/cid/64374cfe-d06f-4a01-898e-c07c46462c36/scid/e78a8422-5f20-4e4b-9a9f-22a0e53962e3,ADD₹77₹86SAVE₹9500 - 800 gDisco Pumpkin4.5(2.1k),https://www.zeptonow.com/pn/disco-pumpkin/pvid/afb7ac4e-bd9d-42f1-860a-8f2b38c0bed0,Disco Pumpkin,₹77,₹86,500 - 800 g,4.5,(2.1k),Unbranded
1756118658-111,https://www.zeptonow.com/cn/fruits-vegetables/fruits-vegetables/cid/64374cfe-d06f-4a01-898e-c07c46462c36/scid/e78a8422-5f20-4e4b-9a9f-22a0e53962e3,ADD₹46₹52SAVE₹61 pcLemon Italian5(214),https://www.zeptonow.com/pn/lemon-italian/pvid/b3139e61-8d0e-4955-a772-b3f2cd04404c,Lemon Italian,₹46,₹52,1 pc,5,(214),Unbranded
1756118661-112,https://www.zeptonow.com/cn/fruits-vegetables/fruits-vegetables/cid/64374cfe-d06f-4a01-898e-c07c46462c36/scid/e78a8422-5f20-4e4b-9a9f-22a0e53962e3,ADD₹51₹58SAVE₹7250 gPak Choi5(267),https://www.zeptonow.com/pn/pak-choi/pvid/90c34a63-c4a7-4122-83e1-07a3b04d6615,Pak Choi,₹51,₹58,250 g,5,(267),Unbranded
1756118664-113,https://www.zeptonow.com/cn/fruits-vegetables/fruits-vegetables/cid/64374cfe-d06f-4a01-898e-c07c46462c36/scid/e78a8422-5f20-4e4b-9a9f-22a0e53962e3,ADD₹70₹78SAVE₹81 kgPotato Carisma 4.4(2.8k),https://www.zeptonow.com/pn/potato-carisma/pvid/ff481c9e-b586-49f6-a1b1-d46bb696aa2e,Potato Carisma,₹70,₹78,1 kg,4.4,(2.8k),No
