web-scraper-order,web-scraper-start-url,pagination-selector,data-page-selector,data-page-selector-href,Product-Thing-name-0,Product-sku-0,Product-Offer-price-0,Product-name-0,breadcrumbs-0,rating-0,maximum_retail_price-0,product_details-0,tshirt_design-0,tshirt_neck-0,tshirt_sleeves-0,trousers_design-0,trousers_closure-0,trousers_pockets-0,size_fit_info-0,tshirt_fabric-0,bottom_closure-0,bottom_fabric-0,bottom_pattern-0,bottom_type-0,neck-0,occasions-0
"1756115118-1","https://www.myntra.com/myntra-fashion-store?f=Categories%3AClothing%20Set%2CCo-Ords%3A%3AColor%3APink_f1a9c4%3A%3AGender%3Amen%20women%2Cwomen&rf=Discount%20Range%3A80.0_100.0_80.0%20TO%20100.0","","KALINIT-shirt & Joggers Co-OrdSizes: LRs. 589Rs. 2999(Rs. 2410 OFF)","https://www.myntra.com/co-ords/kalini/kalini-printed-t-shirt--joggers-co-ord/27375608/buy","StyFun","27375608","₹589","Printed T-shirt & Joggers Co-Ord","Home/Clothing/Women Clothing/Co-Ords/KALINI Co-Ords>More by KALINI","","₹2999","This co-ords consists of T-shirt and jogger
Pink solid T-shirt, has Round neck, short sleeves
Pink solid mid-rise jogger, has slip-on closure","","","","","","","The model (height 5'8"") is wearing S","Top Fabric:Cotton Blend
Bottom Fabric: Cotton Blend 
Machine Wash","Slip-On","Cotton Blend","Printed","Joggers","Round Neck","Casual"
"1756115121-2","https://www.myntra.com/myntra-fashion-store?f=Categories%3AClothing%20Set%2CCo-Ords%3A%3AColor%3APink_f1a9c4%3A%3AGender%3Amen%20women%2Cwomen&rf=Discount%20Range%3A80.0_100.0_80.0%20TO%20100.0","","SeraWomen Checked Co-OrdsSizes: XLRs. 381Rs. 1998(80% OFF)Only Few Left!","https://www.myntra.com/co-ords/sera/sera-women-pink--white-checked-pure-cotton-co-ords/18360198/buy","STYLECAST X KASSUALLY","18360198","₹381","Women Pink & White Checked Pure Cotton Co-Ords","Home/Clothing/Women Clothing/Co-Ords/Sera Co-Ords>More by Sera","2.9","₹1998","Pink & White Checked Pure Cotton Co-Ords
Pink & White Checked Crop Top, has shoudler straps
Pink & White Checked Skirt, has drawstring closure, 2 pockets","","","","","","","The model (height 5'8) is wearing a size S","Pure Cotton
Machine wash","Drawstring","Pure Cotton","Checked","Skirt","Has a lining","Casual"
"1756115123-3","https://www.myntra.com/myntra-fashion-store?f=Categories%3AClothing%20Set%2CCo-Ords%3A%3AColor%3APink_f1a9c4%3A%3AGender%3Amen%20women%2Cwomen&rf=Discount%20Range%3A80.0_100.0_80.0%20TO%20100.0","","FashfunV-Neck Waistcoat & TrousersSizes: Rs. 1999","https://www.myntra.com/co-ords/fashfun/fashfun-v-neck-waistcoat-with-trousers/31197971/buy","sollobell","31197971","₹ 1999","V-Neck Waistcoat With Trousers","Home/Clothing/Women Clothing/Co-Ords/Fashfun Co-Ords>More by Fashfun","","","This co-ords consists of a waistcoat and trousers
Pink solid waistcoat has a V neck and sleeveless, Secured with button closure and chic back tie-up
Pink solid trousers, has an elasticated waistband with slip-on closure and 2 pockets","","","","","","","The model (height 5'8"") is wearing a size XS","Top Fabric: Polyester
Bottom Fabric: Polyester
Hand Wash","Slip-On","Polyester","Solid","Trousers","V-Neck","Casual"
"1756115127-4","https://www.myntra.com/myntra-fashion-store?f=Categories%3AClothing%20Set%2CCo-Ords%3A%3AColor%3APink_f1a9c4%3A%3AGender%3Amen%20women%2Cwomen&rf=Discount%20Range%3A80.0_100.0_80.0%20TO%20100.0","","GUTICropped Top & Trouser Co-OrdsSizes: MRs. 399Rs. 1999(Rs. 1600 OFF)Only Few Left!","https://www.myntra.com/co-ords/guti/guti-cropped-top--trouser-co-ords/22432478/buy","VIRAASI","22432478","₹399","Cropped Top & Trouser Co-Ords","Home/Clothing/Women Clothing/Co-Ords/GUTI Co-Ords>More by GUTI","","₹1999","Pink solid cropped top, has round neck, short sleeves, slip on closure and straight hem
Pink solid mid-rise trousers, has an inner elasticated waistband with drawstring closure","","","","","","","The model (height 5'8"") is wearing size S","Cotton blend
Machine Wash","Slip-On","Cotton Blend","Solid","Trousers","Round Neck","Short Sleeves"
"1756115130-5","https://www.myntra.com/myntra-fashion-store?f=Categories%3AClothing%20Set%2CCo-Ords%3A%3AColor%3APink_f1a9c4%3A%3AGender%3Amen%20women%2Cwomen&rf=Discount%20Range%3A80.0_100.0_80.0%20TO%20100.0","","Clora CreationAbstract Printed Co-OrdsSizes: 3XLRs. 593Rs. 3999(Rs. 3406 OFF)Only Few Left!","https://www.myntra.com/co-ords/clora+creation/clora-creation-abstract-printed-shirt--trouser/30224342/buy","Moda Rapido","30224342","₹593","Abstract Printed Shirt & Trouser","Home/Clothing/Women Clothing/Co-Ords/Clora Creation Co-Ords>More by Clora Creation","","₹3999","Pink and grey printed co-ords has shirt and trousers
Pink and grey printed shirt, has a shirt collar, button closure, and three-quarter sleeves
Pink and grey printed mid-rise trousers, has elasticated waistband with slip-on closure and 2 side pockets","","","","","","","The model (height 5'8"") is wearing a size M","Top Fabric : Viscose Rayon
Bottom Fabric: Viscose Rayon
Hand Wash","Slip-On","Viscose Rayon","Printed","Trousers","Shirt Collar","Casual"
"1756115132-6","https://www.myntra.com/myntra-fashion-store?f=Categories%3AClothing%20Set%2CCo-Ords%3A%3AColor%3APink_f1a9c4%3A%3AGender%3Amen%20women%2Cwomen&rf=Discount%20Range%3A80.0_100.0_80.0%20TO%20100.0","","KALINIPrinted Tunic With TrouserSizes: SRs. 1903Rs. 11199(83% OFF)","https://www.myntra.com/co-ords/kalini/kalini-printed-shirt-collar-tunic-with-trouser/32121937/buy","mad fury","32121937","₹1903","Printed Shirt Collar Tunic With Trouser","Home/Clothing/Women Clothing/Co-Ords/KALINI Co-Ords>More by KALINI","","₹11199","This co-ords consists of a tunic and trousers
Pink, purple and yellow printed tunic, has a spread collar and long sleeves, secured with slip-on closure
Pink, purple and yellow printed trousers, has an elasticated waistband with slip-on closure","","","","","","","The model (height 5'8'') is wearing a size S","Top fabric: Silk Blend
Bottom fabric: Silk Blend
 Dry Clean","Slip-On","Silk Blend","Printed","Trousers","Shirt Collar","1 tunic 1 trouser"
"1756115135-7","https://www.myntra.com/myntra-fashion-store?f=Categories%3AClothing%20Set%2CCo-Ords%3A%3AColor%3APink_f1a9c4%3A%3AGender%3Amen%20women%2Cwomen&rf=Discount%20Range%3A80.0_100.0_80.0%20TO%20100.0","","CHKOKKOWomen Printed Top with ShortsSizes: XXLRs. 412Rs. 2749(85% OFF)Only Few Left!","https://www.myntra.com/co-ords/chkokko/chkokko-women-pink-printed-top-with-shorts/17562096/buy","sollobell","17562096","₹412","Chkokko Women Pink Printed Top with Shorts","Home/Clothing/Women Clothing/Co-Ords/CHKOKKO Co-Ords>More by CHKOKKO","2.9","₹2749","This clothing set consists of Top and Shorts 
 Pink printed Top ,has a shoulder straps,  sleeveless 
 Pink printed Shorts ,has a slip-on closure","","","","","","","The model (height 5'8) is wearing a size S","Polyester
Machine wash","Slip-On","Polyester","Printed","Shorts","Shoulder Straps","Sleeveless"
"1756115138-8","https://www.myntra.com/myntra-fashion-store?f=Categories%3AClothing%20Set%2CCo-Ords%3A%3AColor%3APink_f1a9c4%3A%3AGender%3Amen%20women%2Cwomen&rf=Discount%20Range%3A80.0_100.0_80.0%20TO%20100.0","","CHKOKKOWomen Top & ShortsSizes: SRs. 412Rs. 2749(85% OFF)","https://www.myntra.com/co-ords/chkokko/chkokko-women-pink--white-tie--dye-one-shoulder-top--shorts/17562168/buy","LAASA  SPORTS","17562168","₹412","Chkokko Women Pink & White Tie & Dye One Shoulder Top & Shorts","Home/Clothing/Women Clothing/Co-Ords/CHKOKKO Co-Ords>More by CHKOKKO","","₹2749","Pink & white tie & dye printed one shoulder top 
Pink & white tie & dye printed shorts has slip-on closure, 2 pockets","","","","","","","The model (height 5'8"") is wearing a size S","Polyester 
Hand wash","Slip-On","Polyester","Printed","Shorts","One Shoulder","Short Sleeves"
"1756115141-9","https://www.myntra.com/myntra-fashion-store?f=Categories%3AClothing%20Set%2CCo-Ords%3A%3AColor%3APink_f1a9c4%3A%3AGender%3Amen%20women%2Cwomen&rf=Discount%20Range%3A80.0_100.0_80.0%20TO%20100.0","","SeraSequinned  Co-OrdsSizes: XLRs. 431Rs. 2498(82% OFF)","https://www.myntra.com/co-ords/sera/sera-pink--silver-sequinned-crop-top--skirt-co-ords/17656502/buy","Floret","17656502","₹431","Pink & Silver Sequinned Crop Top & Skirt Co-Ords","Home/Clothing/Women Clothing/Co-Ords/Sera Co-Ords>More by Sera","","₹2498","This co-ord set consists of a top and skirt
Peach-coloured and silver sequinned crop top, has shoulder straps
Peach-coloured and silver sequinned a-line skirt, has a zip closure","","","","","","","The model (height 5'8"") is wearing size M","Polyester
Hand wash","Zip","Polyester","Embellished","Skirt","Has a lining","Bling & Sparkly"
"1756115143-10","https://www.myntra.com/myntra-fashion-store?f=Categories%3AClothing%20Set%2CCo-Ords%3A%3AColor%3APink_f1a9c4%3A%3AGender%3Amen%20women%2Cwomen&rf=Discount%20Range%3A80.0_100.0_80.0%20TO%20100.0","","ANNSH APPARELPrinted Tunic With TrousersSizes: 3XLRs. 599Rs. 2999(Rs. 2400 OFF)Only Few Left!","https://www.myntra.com/co-ords/annsh+apparel/annsh-apparel-conversational-printed-v-neck-tunic-with-trousers-/31569523/buy","ARTKLIM","31569523","₹599","Conversational Printed V-Neck Tunic With Trousers","Home/Clothing/Women Clothing/Co-Ords/ANNSH APPAREL Co-Ords>More by ANNSH APPAREL","4","₹2999","This co-ords consists of a tunic and trousers
Pink and white conversational printed tunic, has a v-neck and three-quarter sleeves
Pink and white conversational printed trousers, has an elasticated waistband with drawstring closure","","","","","","","The model (height 5'8"") is wearing a size S","Top Fabric: Viscose Rayon
Bottom Fabric: Viscose Rayon
Hand Wash","Drawstring","Viscose Rayon","Printed","Trousers","V-Neck","1 top and 1 pant"
"1756115146-11","https://www.myntra.com/myntra-fashion-store?f=Categories%3AClothing%20Set%2CCo-Ords%3A%3AColor%3APink_f1a9c4%3A%3AGender%3Amen%20women%2Cwomen&rf=Discount%20Range%3A80.0_100.0_80.0%20TO%20100.0","","A PLUS BY AHALYAACotton Tunic With PalazzoSizes: 3XLRs. 1940Rs. 9700(80% OFF)","https://www.myntra.com/co-ords/a+plus+by+ahalyaa/a-plus-by-ahalyaa-floral-printed-sequined-detailed-tunic-with-palazzo-co-ords/33017443/buy","Digital Dress Room","33017443","₹1940","Floral Printed Sequined Detailed Tunic With Palazzo Co-Ords","Home/Clothing/Women Clothing/Co-Ords/A PLUS BY AHALYAA Co-Ords>More by A PLUS BY AHALYAA","4.3","₹9700","This co-ords consists of a tunic with palazzos
Pink & green printed tunic with sequined lace, has a round-collar neck and three-quarter sleeves, secured with slip-on closure
Pink & green printed palazzo, has an elasticated waistband with slip-on closure","","","","","","","The model (height 5'8"") is wearing a size 3XL","Top fabric: Cotton blend
Bottom fabric: Cotton-blend","Slip-On","Cotton Blend","Printed","Palazzos","Mandarin Collar","1"
"1756115149-12","https://www.myntra.com/myntra-fashion-store?f=Categories%3AClothing%20Set%2CCo-Ords%3A%3AColor%3APink_f1a9c4%3A%3AGender%3Amen%20women%2Cwomen&rf=Discount%20Range%3A80.0_100.0_80.0%20TO%20100.0","","THE FAB FACTORYFloral Tunic with SalwarSizes: SRs. 649Rs. 3799(Rs. 3150 OFF)Only Few Left!","https://www.myntra.com/co-ords/the+fab+factory/the-fab-factory-floral-printed-tunic-with-salwar/34962823/buy","","34962823","₹649","Floral Printed Tunic with Salwar","Home/Clothing/Women Clothing/Co-Ords/THE FAB FACTORY Co-Ords>More by THE FAB FACTORY","4.1","₹3799","Pink and green printed tunic with salwar

Kurta design: Floral printedMandarin collar, long regular sleevesAbove knee length with flared hemCotton blend knitted fabricSalwar design: Printed salwarSlip-on closure","Floral printed","Mandarin collar, long regular sleeves","Above knee length with flared hem","Printed salwar","Slip-on closure","","The model (height 5'8) is wearing a size S","Cotton Blend
Hand Wash","Slip-On","Cotton Blend","Printed","Trousers","Mandarin Collar","Casual"
"1756115152-13","https://www.myntra.com/myntra-fashion-store?f=Categories%3AClothing%20Set%2CCo-Ords%3A%3AColor%3APink_f1a9c4%3A%3AGender%3Amen%20women%2Cwomen&rf=Discount%20Range%3A80.0_100.0_80.0%20TO%20100.0","","FLAVIA CREATIONPure Cotton Tunic With TrouserSizes: SRs. 659Rs. 5499(88% OFF)","https://www.myntra.com/co-ords/flavia+creation/flavia-creation-printed-pure-cotton-tunic-with-trouser/30428421/buy","Harpa","30428421","₹659","Printed Pure Cotton Tunic With Trouser","Home/Clothing/Women Clothing/Co-Ords/FLAVIA CREATION Co-Ords>More by FLAVIA CREATION","","₹5499","Pink printed co-ords has tunic and trousers
Pink printed tunic, has a round notched neck, slip-on closure, and three-quarter sleeves
Pink printed mid-rise trousers, has elasticated waistband with slip-on closure and 2 side pockets","","","","","","","The model (height 5'8) is wearing a size S","Top: 100 % Cotton
Bottom: 100 % Cotton
Machine Wash","Slip-On","Pure Cotton","Printed","Trousers","Round Neck","Casual"
"1756115154-14","https://www.myntra.com/myntra-fashion-store?f=Categories%3AClothing%20Set%2CCo-Ords%3A%3AColor%3APink_f1a9c4%3A%3AGender%3Amen%20women%2Cwomen&rf=Discount%20Range%3A80.0_100.0_80.0%20TO%20100.0","","FLAVIA CREATIONPrinted Pure Cotton Co-OrdSizes: SRs. 934Rs. 5499(83% OFF)Only Few Left!","https://www.myntra.com/co-ords/flavia+creation/flavia-creation-printed-notched-neck-pure-cotton-co-ord/30428453/buy","Apraa & Parma","30428453","₹934","Printed Notched Neck Pure Cotton Co-Ord","Home/Clothing/Women Clothing/Co-Ords/FLAVIA CREATION Co-Ords>More by FLAVIA CREATION","","₹5499","Pink and yellow printed co-ords has tunic and trousers
Pink and yellow printed tunic, has a round notched neck, slip-on closure, and three-quarter sleeves
Pink and yellow printed mid-rise trousers, has elasticated waistband with slip-on closure and 2 side pockets","","","","","","","The model (height 5'8) is wearing a size S","Top: 100 % Cotton
Bottom: 100 % Cotton
Machine Wash","Slip-On","Pure Cotton","Printed","Trousers","Round Neck","Casual"
"1756115157-15","https://www.myntra.com/myntra-fashion-store?f=Categories%3AClothing%20Set%2CCo-Ords%3A%3AColor%3APink_f1a9c4%3A%3AGender%3Amen%20women%2Cwomen&rf=Discount%20Range%3A80.0_100.0_80.0%20TO%20100.0","","FLAVIA CREATIONPure Cotton Tunic & TrousersSizes: SRs. 934Rs. 5499(83% OFF)Only Few Left!","https://www.myntra.com/co-ords/flavia+creation/flavia-creation-v-neck-pure-cotton-tunic-with-trousers/30439553/buy","LULU & SKY","30439553","₹934","V Neck Pure Cotton Tunic With Trousers","Home/Clothing/Women Clothing/Co-Ords/FLAVIA CREATION Co-Ords>More by FLAVIA CREATION","","₹5499","This co-ords consists of Tunic and Trouser
Pink solid Tunic, has V-collar, Three-Quarter Sleeves, slip-on closure and tasseled waist hem
Pink solid mid-rise trouser, has slip-on closure and regular hem","","","","","","","The model (height 5'8"") is wearing a size S","Top Fabric: 100% Cotton
Bottom Fabric: 100% Cotton
Hand Wash","Slip-On","Pure Cotton","Solid","Trousers","V-Neck","Casual"
"1756115159-16","https://www.myntra.com/myntra-fashion-store?f=Categories%3AClothing%20Set%2CCo-Ords%3A%3AColor%3APink_f1a9c4%3A%3AGender%3Amen%20women%2Cwomen&rf=Discount%20Range%3A80.0_100.0_80.0%20TO%20100.0","","Zink LondonSequinned Co-Ords SetSizes: MRs. 689Rs. 4599(85% OFF)","https://www.myntra.com/co-ords/zink+london/zink-london-sequinned-top--trouser--shrug/30663741/buy","VAMAS - THE DESIGNER BLOUSES","30663741","₹689","Sequinned Top & Trouser & Shrug","Home/Clothing/Women Clothing/Co-Ords/Zink London Co-Ords>More by Zink London","4.6","₹4599","This co-ords consists of top, trouser and shrug
Pink Sequinned  top, has shoulder straps, has sleeveless, slip-on closure and regular waist hem
Pink Solid mid-rise trouser, has inner elasticated waistband with drawstring closure straight hem
Pink striped shrug, has short sleeve, has a button closure open","","","","","","","The model (height 5'8"") is wearing a size S","Top fabric:Polyester
Bottom fabric:Polyester
Machine Wash","Shrug","Button","Polyester","Solid","Trousers","Party"
"1756115162-17","https://www.myntra.com/myntra-fashion-store?f=Categories%3AClothing%20Set%2CCo-Ords%3A%3AColor%3APink_f1a9c4%3A%3AGender%3Amen%20women%2Cwomen&rf=Discount%20Range%3A80.0_100.0_80.0%20TO%20100.0","","SwastiPlus Size Shirt & TrouserSizes: 3XLRs. 1259Rs. 6999(82% OFF)Only Few Left!","https://www.myntra.com/co-ords/swasti/swasti-floral-printed-shirt-collar-pure-cotton-plus-size-shirt-with-trouser/33144153/buy","Projas","33144153","₹1259","Floral Printed Shirt Collar Pure Cotton Plus Size Shirt With Trouser","Home/Clothing/Women Clothing/Co-Ords/Swasti Co-Ords>More by Swasti","4.4","₹6999","This co-ords consists of a shirt and trousers
Pink and green floral printed shirt, has a shirt collar neck and three quarters sleeves, secured with button closure
Pink and green floralprinted trousers, has an elasticated waistband with slip-on closure has 2 pockets","","","","","","","The model (height 5'8"") is wearing size S","Top fabric: Pure Cotton
Bottom fabric: Pure Cotton
Machine Wash","Slip-On","Pure Cotton","Printed","Trousers","Shirt Collar","1"
"1756115165-18","https://www.myntra.com/myntra-fashion-store?f=Categories%3AClothing%20Set%2CCo-Ords%3A%3AColor%3APink_f1a9c4%3A%3AGender%3Amen%20women%2Cwomen&rf=Discount%20Range%3A80.0_100.0_80.0%20TO%20100.0","","KALINIPure Cotton Co-OrdsSizes: 3XLRs. 1189Rs. 6999(83% OFF)Only Few Left!","https://www.myntra.com/co-ords/kalini/kalini-floral-printed-shirt-collar-pure-cotton-tunic-with-trouser/33144170/buy","Miaz Lifestyle","33144170","₹1189","Floral Printed Shirt Collar Pure Cotton Tunic With Trouser","Home/Clothing/Women Clothing/Co-Ords/KALINI Co-Ords>More by KALINI","4.0","₹6999","This co-ords consists of a shirt and trousers
Pink and green floral printed shirt, has a shirt collar and three quarters sleeves, secured with button closure
Pink and green floral printed trousers, has an elasticated waistband with slip-on closure has 2 pockets","","","","","","","The model (height 5'8"") is wearing size S","Top fabric: Pure Cotton
Bottom fabric: Pure Cotton
Machine Wash","Slip-On","Pure Cotton","Printed","Trousers","Shirt Collar","1"
"1756115168-19","https://www.myntra.com/myntra-fashion-store?f=Categories%3AClothing%20Set%2CCo-Ords%3A%3AColor%3APink_f1a9c4%3A%3AGender%3Amen%20women%2Cwomen&rf=Discount%20Range%3A80.0_100.0_80.0%20TO%20100.0","","FLAVIA CREATIONPure Cotton Top With TrousersSizes: SRs. 934Rs. 5499(83% OFF)","https://www.myntra.com/co-ords/flavia+creation/flavia-creation-printed-notch-neck-pure-cotton-tunic-with-trousers-/32901267/buy","GRACIT","32901267","₹934","Printed Notch Neck Pure Cotton Tunic With Trousers","Home/Clothing/Women Clothing/Co-Ords/FLAVIA CREATION Co-Ords>More by FLAVIA CREATION","","₹5499","This co-ords consists of a tunic and trousers
Pink, black and white printed top, has a round neck and three-quarter sleeves
Pink, black and white printed trousers, has an elasticated waistband with slip-on closure has 2 pocket","","","","","","","The model (height 5'8"") is wearing a size S","Tunic Fabric: Pure Cotton
Trouser Fabric: Pure Cotton
Hand Wash","Slip-On","Pure Cotton","Printed","Trousers","Round Neck","2"
"1756115170-20","https://www.myntra.com/myntra-fashion-store?f=Categories%3AClothing%20Set%2CCo-Ords%3A%3AColor%3APink_f1a9c4%3A%3AGender%3Amen%20women%2Cwomen&rf=Discount%20Range%3A80.0_100.0_80.0%20TO%20100.0","","FLAVIA CREATIONPure Cotton Shirt With TrouserSizes: SRs. 659Rs. 5499(88% OFF)","https://www.myntra.com/co-ords/flavia+creation/flavia-creation-printed-pure-cotton-shirt-with-trousers/32901295/buy","","32901295","₹659","Printed Pure Cotton Shirt With Trousers","Home/Clothing/Women Clothing/Co-Ords/FLAVIA CREATION Co-Ords>More by FLAVIA CREATION","","₹5499","This co-ords consists of a shirt and trousers
Pink & green , brown printed shirt, has a shirt collar neck and three-quarter sleeves, secured with button closure
Pink & green , brown printed trousers, has an elasticated rrawstring closure","","","","","","","The model (height 5'8"") is wearing a size S","Top fabric: 100% Cotton
Bottom fabric: 100% Cotton
Hand wash","Drawstring","Pure Cotton","Printed","Trousers","Shirt Collar","Casual"
"1756115173-21","https://www.myntra.com/myntra-fashion-store?f=Categories%3AClothing%20Set%2CCo-Ords%3A%3AColor%3APink_f1a9c4%3A%3AGender%3Amen%20women%2Cwomen&rf=Discount%20Range%3A80.0_100.0_80.0%20TO%20100.0","","ATRAENTAPrinted Co-OrdsSizes: SRs. 799Rs. 4599(Rs. 3800 OFF)Only Few Left!","https://www.myntra.com/co-ords/atraenta/atraenta-floral-print-shirt-collar-long-sleeve-co-ords/24762448/buy","KOMLI","24762448","₹799","Atraenta Floral Print Shirt Collar Long Sleeve Co-Ords","Home/Clothing/Women Clothing/Co-Ords/ATRAENTA Co-Ords>More by ATRAENTA","4","₹4599","This co-ords consists of shirt and trousers
Pink and green printed shirt, has shirt collar, full sleeves, full placket button closure, front knot and regular waist hem
Pink and green printed mid-rise trousers, has an elasticated waistband and flared hem","","","","","","","The model (height 5'8"") is wearing a size S","Top Fabric: Polyester
Bottom Fabric: Polyester
Machine Wash","Slip-On","Polyester","Printed","Trousers","Shirt Collar","Casual"
"1756115176-22","https://www.myntra.com/myntra-fashion-store?f=Categories%3AClothing%20Set%2CCo-Ords%3A%3AColor%3APink_f1a9c4%3A%3AGender%3Amen%20women%2Cwomen&rf=Discount%20Range%3A80.0_100.0_80.0%20TO%20100.0","","KALINIPrinted Tunic & TrousersSizes: SRs. 761Rs. 4479(83% OFF)","https://www.myntra.com/co-ords/kalini/kalini-floral-printed-tunic--trousers/25210154/buy","Kesarya","25210154","₹761","Floral Printed Tunic & Trousers","Home/Clothing/Women Clothing/Co-Ords/KALINI Co-Ords>More by KALINI","","₹4479","This co-ords consists of tunic and trousers
Pink printed tunic, has shirt collar neck, full sleeves, full placket button closure and regular waist hem
Pink mid-rise trousers, has slip-on closure with one pocket","","","","","","","The model (height 5'8) is wearing a size S","Top Fabric: Viscose Rayon
Bottom Fabric: Viscose Rayon
Machine Wash","Slip-On","Viscose Rayon","Printed","Trousers","Shirt Collar","Party"
"1756115179-23","https://www.myntra.com/myntra-fashion-store?f=Categories%3AClothing%20Set%2CCo-Ords%3A%3AColor%3APink_f1a9c4%3A%3AGender%3Amen%20women%2Cwomen&rf=Discount%20Range%3A80.0_100.0_80.0%20TO%20100.0","","HOUSE OF MIRAOrganic Cotton Co-Ords SetSizes: XXLRs. 1099Rs. 5499(80% OFF)","https://www.myntra.com/co-ords/house+of+mira/house-of-mira-printed-organic-cotton-top-with-trouser--blazer/26480226/buy","DODO & MOA","26480226","₹1099","Printed Organic Cotton Top With Trouser & Blazer","Home/Clothing/Women Clothing/Co-Ords/HOUSE OF MIRA Co-Ords>More by HOUSE OF MIRA","","₹5499","This co-ords consists of Top and Trousers & Blazer
Pink & white printed top, has V-Neck, sleeveless
Pink & white printed mid-rise trouser, has slip on closure
 Comes with Matching blazer","","","","","","","The model (height 5'8"") is wearing a size S","Organic Cotton
Machine Wash","Slip-On","Organic Cotton","Printed","Trousers","Has a lining","2"
"1756115182-24","https://www.myntra.com/myntra-fashion-store?f=Categories%3AClothing%20Set%2CCo-Ords%3A%3AColor%3APink_f1a9c4%3A%3AGender%3Amen%20women%2Cwomen&rf=Discount%20Range%3A80.0_100.0_80.0%20TO%20100.0","","ZIYAAPrinted Top With PalazzoSizes: 3XLRs. 1002Rs. 5899(83% OFF)Only Few Left!","https://www.myntra.com/co-ords/ziyaa/ziyaa-printed-top-with-palazzo/27564280/buy","Joomie","27564280","₹1002","Printed Top With Palazzo","Home/Clothing/Women Clothing/Co-Ords/ZIYAA Co-Ords>More by ZIYAA","","₹5899","This co-ords set contains a top with palazzo
Pink & white printed top, has round neck, short sleeves
Pink & white printed palazzo, has slip-on closure","","","","","","","The model (height 5'8) is wearing a size S","Viscose Rayon
Hand Wash","Slip-On","Viscose Rayon","Printed","Palazzos","Round Neck","Short Sleeves"
"1756115185-25","https://www.myntra.com/myntra-fashion-store?f=Categories%3AClothing%20Set%2CCo-Ords%3A%3AColor%3APink_f1a9c4%3A%3AGender%3Amen%20women%2Cwomen&rf=Discount%20Range%3A80.0_100.0_80.0%20TO%20100.0","","KALINIPrinted Shirt & TrouserSizes: SRs. 825Rs. 4345(81% OFF)","https://www.myntra.com/co-ords/kalini/kalini-ethnic-motifs-printed-shirt--trouser/29260748/buy","HAUTEQUE","29260748","₹825","Ethnic Motifs Printed Shirt & Trouser","Home/Clothing/Women Clothing/Co-Ords/KALINI Co-Ords>More by KALINI","","₹4345","This co-ords consists of shirt and trouser
Pink and blue ethnic motifs printed top, has shirt neck collar, three quarter sleeves, full button placket closure and regular waist hem
Pink and blue ethnic motifs printed mid-rise trouser, has slip on closure and regular hem","","","","","","","The model (height 5'8"") is wearing a size S","Kurta Fabric: Cotton Blend
Bottom: Cotton Blend
Dry Clean","Slip-On","Cotton Blend","Printed","Trousers","Shirt Collar","Casual"
"1756115188-26","https://www.myntra.com/myntra-fashion-store?f=Categories%3AClothing%20Set%2CCo-Ords%3A%3AColor%3APink_f1a9c4%3A%3AGender%3Amen%20women%2Cwomen&rf=Discount%20Range%3A80.0_100.0_80.0%20TO%20100.0","","FLAVIA CREATIONTunic With Trouser Co-OrdsSizes: SRs. 1044Rs. 5499(81% OFF)Only Few Left!","https://www.myntra.com/co-ords/flavia+creation/flavia-creation-floral-printed-cotton-tunic-with-trouser/30437542/buy","SAFFE","30437542","₹1044","Floral Printed Cotton Tunic With Trouser","Home/Clothing/Women Clothing/Co-Ords/FLAVIA CREATION Co-Ords>More by FLAVIA CREATION","","₹5499","This co-ords consists of tunic and trouser
Pink floral printed tunic, has a round neck, 3/4th sleeves, slip on closure and regular waist hem
Pink printed mid-rise trouser, has button closure and flared hem","","","","","","","The model (height 5'8"") is wearing a size S","Top Fabric: Cotton
Bottom Fabric: Cotton
Machine wash","Slip-On","Pure Cotton","Printed","Trousers","Round Neck","Party"
"1756115191-27","https://www.myntra.com/myntra-fashion-store?f=Categories%3AClothing%20Set%2CCo-Ords%3A%3AColor%3APink_f1a9c4%3A%3AGender%3Amen%20women%2Cwomen&rf=Discount%20Range%3A80.0_100.0_80.0%20TO%20100.0","","SelviaTop With Palazzos Co-OrdsSizes: XXLRs. 547Rs. 3645(84% OFF)Only Few Left!","https://www.myntra.com/co-ords/selvia/selvia-printed-top-with-palazzos-co-ords/31311276/buy","Docare","31311276","₹547","Printed Top With Palazzos Co-Ords","Home/Clothing/Women Clothing/Co-Ords/Selvia Co-Ords>More by Selvia","","₹3645","This co-ords consists of a top and palazzos
Pink and purple printed top, has a v-neck and three-quarter sleeves,
Pink and purple printed palazzos, has an elasticated waistband with drawstring closure and 1 pockets","","","","","","","The model (height 5'8"") is wearing a size S","Top fabric: Viscose Rayon
Bottom fabric: Viscose Rayon
Hand wash","Drawstring","Viscose Rayon","Printed","Palazzos","V-Neck","Party"
"1756115194-28","https://www.myntra.com/myntra-fashion-store?f=Categories%3AClothing%20Set%2CCo-Ords%3A%3AColor%3APink_f1a9c4%3A%3AGender%3Amen%20women%2Cwomen&rf=Discount%20Range%3A80.0_100.0_80.0%20TO%20100.0","","RoadsterSweatshirt and JoggersSizes: XXLRs. 759Rs. 3999(81% OFF)Only Few Left!","https://www.myntra.com/co-ords/roadster/the-roadster-lifestyle-co-printed-pure-cotton-sweatshirt-and-joggers/32184959/buy","Levis","32184959","₹759","The Lifestyle Co. Printed Pure Cotton Sweatshirt and Joggers","Home/Clothing/Women Clothing/Co-Ords/Roadster Co-Ords>More by Roadster","4.2","₹3999","This co-ords consists of a Sweatshirt and Joggers Pink and white printed crop Sweatshirt, has a round neck, has long, regular sleevesPink and white printed joggers, has elasticated waistband, drawstring closure, 2 pockets, cuffed hem","This co-ords consists of a Sweatshirt and Joggers","Pink and white printed crop Sweatshirt, has a round neck, has long, regular sleeves","Pink and white printed joggers, has elasticated waistband, drawstring closure, 2 pockets, cuffed hem","","","","The model (height 5'8"") is wearing a size S","Cotton
Machine Wash","Drawstring","Pure Cotton","Printed","Joggers","Round Neck","Casual"
"1756115197-29","https://www.myntra.com/myntra-fashion-store?f=Categories%3AClothing%20Set%2CCo-Ords%3A%3AColor%3APink_f1a9c4%3A%3AGender%3Amen%20women%2Cwomen&rf=Discount%20Range%3A80.0_100.0_80.0%20TO%20100.0","","BEOMPrinted Tunic With TrousersSizes: MRs. 999Rs. 4995(80% OFF)Only Few Left!","https://www.myntra.com/co-ords/beom/beom-floral-printed-mandarin-collar-neck-pure-cotton-tunic-with-trousers/32876845/buy","Kesudi","32876845","₹999","Floral Printed Mandarin Collar Neck Pure Cotton Tunic With Trousers","Home/Clothing/Women Clothing/Co-Ords/BEOM Co-Ords>More by BEOM","","₹4995","This co-ords consists of a tunic and trousers
Pink & green floral printed tunic, has a mandarin collar neck and three-quarter sleeves, secured with button closure
Pink & green printed trousers, has an elasticated waistband with slip-on closure","","","","","","","The model (height 5'8"") is wearing a size S","Top fabric: Cotton
Bottom fabric: Cotton
Machine wash","Slip-On","Pure Cotton","Printed","Trousers","Mandarin Collar","Casual"
"1756115200-30","https://www.myntra.com/myntra-fashion-store?f=Categories%3AClothing%20Set%2CCo-Ords%3A%3AColor%3APink_f1a9c4%3A%3AGender%3Amen%20women%2Cwomen&rf=Discount%20Range%3A80.0_100.0_80.0%20TO%20100.0","","FLAVIA CREATIONPrinted Top With TrousersSizes: SRs. 934Rs. 5499(83% OFF)Only Few Left!","https://www.myntra.com/co-ords/flavia+creation/flavia-creation-ethnic-motifs-printed-notch-neck-top-with-trousers-/32901328/buy","","32901328","₹934","Ethnic Motifs Printed Notch Neck Top With Trousers","Home/Clothing/Women Clothing/Co-Ords/FLAVIA CREATION Co-Ords>More by FLAVIA CREATION","","₹5499","This co-ords consists of a top and trousers
Pink and green ethnic motifs printed shirt, has a shirt collar neck and three quarter sleeves, secured with slip on closure
Pink and green printed trousers, has an elasticated waistband with slip on closure has 2 pocket","","","","","","","The model (height 5'8"") is wearing a size S","Top fabric: Pure Cotton
Bottom fabric:   Pure Cotton
Machine wash","Slip-On","Pure Cotton","Printed","Trousers","V-Neck","Casual"
"1756115202-31","https://www.myntra.com/myntra-fashion-store?f=Categories%3AClothing%20Set%2CCo-Ords%3A%3AColor%3APink_f1a9c4%3A%3AGender%3Amen%20women%2Cwomen&rf=Discount%20Range%3A80.0_100.0_80.0%20TO%20100.0","","FLAVIA CREATIONTop With Trousers Co-OrdsSizes: SRs. 989Rs. 5499(82% OFF)Only Few Left!","https://www.myntra.com/co-ords/flavia+creation/flavia-creation-printed-pure-cotton-notch-neck-top-with-trousers/33143181/buy","","33143181","₹989","Printed Pure Cotton Notch Neck Top With Trousers","Home/Clothing/Women Clothing/Co-Ords/FLAVIA CREATION Co-Ords>More by FLAVIA CREATION","","₹5499","This co-ords consists of top and trousers
Pink, yellow & green printed top , has notch neck and three quarter sleeves
Pink, yellow & green printed mid-rise trousers, has slip-on closure, two pockets and straight hem","","","","","","","The model (height 5'8"") is wearing a size S","Top Fabric: Pure Cotton
Bottom Fabric: Pure Cotton
Hand wash","Slip-On","Pure Cotton","Printed","Trousers","Round Neck","2"
"1756115205-32","https://www.myntra.com/myntra-fashion-store?f=Categories%3AClothing%20Set%2CCo-Ords%3A%3AColor%3APink_f1a9c4%3A%3AGender%3Amen%20women%2Cwomen&rf=Discount%20Range%3A80.0_100.0_80.0%20TO%20100.0","","FLAVIA CREATIONPrinted Pure Cotton Co-OrdsSizes: LRs. 989Rs. 5499(82% OFF)Only Few Left!","https://www.myntra.com/co-ords/flavia+creation/-flavia-creation-printed-pure-cotton-co-ords-/33624287/buy","","33624287","₹989","Printed Pure Cotton Co-Ords","Home/Clothing/Women Clothing/Co-Ords/FLAVIA CREATION Co-Ords>More by FLAVIA CREATION","","₹5499","This co-ords consists of top and trousers
Pink & white printed top, has notched round neck, three-quarter sleeves and slip on closure
Pink & white printed mid-rise trouser, secured with slip-on closure & two pockets","","","","","","","The model (height 5'8"") is wearing a size S","100% Cotton
Hand Wash","Slip-On","Pure Cotton","Printed","Trousers","Round Neck","Casual"
"1756115208-33","https://www.myntra.com/myntra-fashion-store?f=Categories%3AClothing%20Set%2CCo-Ords%3A%3AColor%3APink_f1a9c4%3A%3AGender%3Amen%20women%2Cwomen&rf=Discount%20Range%3A80.0_100.0_80.0%20TO%20100.0","","FLAVIA CREATIONShirt With Trousers Co-OrdsSizes: XXLRs. 989Rs. 5499(82% OFF)Only Few Left!","https://www.myntra.com/co-ords/flavia+creation/flavia-creation-printed-pure-cotton-shirt-collar-neck-shirt-with-trousers-co-ords/33853227/buy","","33853227","₹989","Printed Pure Cotton Shirt Collar Neck Shirt With Trousers Co-Ords","Home/Clothing/Women Clothing/Co-Ords/FLAVIA CREATION Co-Ords>More by FLAVIA CREATION","","₹5499","This co-ords consists of a shirt and shorts
Pink and white printed shirt, has a shirt collar neck and short sleeves, secured with button closure
Pink and white printed shorts, has an elasticated waistband with slip-on closure has 2 pockets","","","","","","","The model (height 5'8"") is wearing size S","Top Fabric: 100% Cotton
Bottom Fabric: 100% Cotton
Hand Wash","Slip-On","Pure Cotton","Printed","Shorts","Mutant Ninja Turtles","Pieces"
"1756115211-34","https://www.myntra.com/myntra-fashion-store?f=Categories%3AClothing%20Set%2CCo-Ords%3A%3AColor%3APink_f1a9c4%3A%3AGender%3Amen%20women%2Cwomen&rf=Discount%20Range%3A80.0_100.0_80.0%20TO%20100.0","","KALINIPure Cotton Co-OrdsSizes: MRs. 785Rs. 3925(80% OFF)Only Few Left!","https://www.myntra.com/co-ords/kalini/kalini-floral-printed-pure-cotton-co-ords/31038589/buy","FBAR","31038589","₹785","Floral Printed Pure Cotton Co-Ords","Home/Clothing/Women Clothing/Co-Ords/KALINI Co-Ords>More by KALINI","","₹3925","This ethnic co-ords consists of a Tunic and TrousersPink floral printed tunic, has a v-neck, has three-quarter, regular sleevesPink floral printed  Trousers, has 1 pocket, partially elasticated waistband and a slip on closure","This ethnic co-ords consists of a Tunic and Trousers","Pink floral printed tunic, has a v-neck, has three-quarter, regular sleeves","Pink floral printed  Trousers, has 1 pocket, partially elasticated waistband and a slip on closure","","","","The model (height 5'8"") is wearing a size S","Pure Cotton
Machine Wash","Slip-On","Pure Cotton","Printed","Trousers","V-Neck","Ethnic"
"1756115214-35","https://www.myntra.com/myntra-fashion-store?f=Categories%3AClothing%20Set%2CCo-Ords%3A%3AColor%3APink_f1a9c4%3A%3AGender%3Amen%20women%2Cwomen&rf=Discount%20Range%3A80.0_100.0_80.0%20TO%20100.0","","RoadsterShirt & Trouser Co-OrdsSizes: XLRs. 699Rs. 3499(80% OFF)Only Few Left!","https://www.myntra.com/co-ords/roadster/the-roadster-lifestyle-co-shirt--trouser-/30304359/buy","MACK JONNEY","30304359","₹699","The Lifestyle Co. Shirt & Trouser","Home/Clothing/Women Clothing/Co-Ords/Roadster Co-Ords>More by Roadster","4.3","₹3499","This co-ords consists of shirt and trousers
Pink Solid shirt, has Shirt collar, Full sleeves, full placket button closure and regular waist hem
Pink Solid mid-rise trousers, has Slip on closure and straight hem","","","","","","","The model (height 5'8"") is wearing a size XS","Shirt material: Viscose rayon
Trouser material: Viscose rayon
Machine wash","Slip-On","Viscose Rayon","Solid","Trousers","Shirt Collar","Casual"
"1756115216-36","https://www.myntra.com/myntra-fashion-store?f=Categories%3AClothing%20Set%2CCo-Ords%3A%3AColor%3APink_f1a9c4%3A%3AGender%3Amen%20women%2Cwomen&rf=Discount%20Range%3A80.0_100.0_80.0%20TO%20100.0","","CHKOKKOCasual Summer Co-ordsSizes: XLRs. 749Rs. 3749(80% OFF)Only Few Left!","https://www.myntra.com/co-ords/chkokko/chkokko-v-neck-casual-summer-top-with-trousers/32789237/buy","","32789237","₹749","V-Neck Casual Summer Top With Trousers","Home/Clothing/Women Clothing/Co-Ords/CHKOKKO Co-Ords>More by CHKOKKO","","₹3749","This co-ords consists of a top and trousers
Pink has a V-neck and short sleeves
Pink straight drawstring closure trousers

Elevate your summer style with this comfortable women's cord set, designed to keep you cool and stylish all season long. This set offers the perfect blend of comfort and flexibility for those warm days. Whether you're lounging at home or out for a casual outing, this versatile ensemble is sure to become your go to-choice. Stay on-trend and feel fabulous with this must have cord set that combines fashion and comfort effortlessly.","","","","","","","The model (height 5'8"") is wearing size S","Top: Polyester
Bottom: Polyester
Machine wash","Drawstring","Polyester","Solid","Trousers","V-Neck","2"
"1756115219-37","https://www.myntra.com/myntra-fashion-store?f=Categories%3AClothing%20Set%2CCo-Ords%3A%3AColor%3APink_f1a9c4%3A%3AGender%3Amen%20women%2Cwomen&rf=Discount%20Range%3A80.0_100.0_80.0%20TO%20100.0","","AnoukGotta Patti Straight Co-OrdsSizes: XXLRs. 739Rs. 3699(80% OFF)","https://www.myntra.com/co-ords/anouk/anouk-gotta-patti-panelled-straight-ethnic-tunic-with-trouser/29179160/buy","TAYDOL","29179160","₹739","Gotta Patti Panelled Straight Ethnic Tunic With Trouser","Home/Clothing/Women Clothing/Co-Ords/Anouk Co-Ords>More by Anouk","4.0","₹3699","This co-ords consists of tunic and trousers
Pink solid tunic, has shirt collar, three quarter sleeve 
Pink solid mid-rise trousers has slip on closure","","","","","","","The model (height 5'8) is wearing a size S","Kurta Fabric : Silk Blend
Bottom Fabric : Silk Blend
Hand Wash","Slip-On","Silk Blend","Solid","Trousers","Round Neck","1 cords set"
"1756115222-38","https://www.myntra.com/myntra-fashion-store?f=Categories%3AClothing%20Set%2CCo-Ords%3A%3AColor%3APink_f1a9c4%3A%3AGender%3Amen%20women%2Cwomen&rf=Discount%20Range%3A80.0_100.0_80.0%20TO%20100.0","","Tokyo TalkiesPure Cotton Top With TrousersSizes: XLRs. 548Rs. 3049(82% OFF)","https://www.myntra.com/co-ords/tokyo+talkies/tokyo-talkies-top--pants-co-ords/23772278/buy","TABADTOD","23772278","₹548","Top & Pants Co-Ords","Home/Clothing/Women Clothing/Co-Ords/Tokyo Talkies Co-Ords>More by Tokyo Talkies","3","₹3049","This co-ords consists of a crop top and trousers
Pink checked crop top, has a square neck and sleeveless sleeves with lace detailing
Pink checked trouser, has an elasticated waistband with button closure and 2 pockets","","","","","","","Regular-Fit
The model (height 5'8"") is wearing a size S","Pure Cotton
Machine Wash","Button","Pure Cotton","Checked","Trousers","Square Neck","Casual"
"1756115225-39","https://www.myntra.com/myntra-fashion-store?f=Categories%3AClothing%20Set%2CCo-Ords%3A%3AColor%3APink_f1a9c4%3A%3AGender%3Amen%20women%2Cwomen&rf=Discount%20Range%3A80.0_100.0_80.0%20TO%20100.0","","Orchid BluesShirt With Trousers Co-OrdsSizes: SRs. 773Rs. 4299(82% OFF)Only Few Left!","https://www.myntra.com/co-ords/orchid+blues/orchid-blues-dyed-shirt-with-trousers-co-ords/28002872/buy","Bannos Swagger","28002872","₹773","Dyed Shirt With Trousers Co-Ords","Home/Clothing/Women Clothing/Co-Ords/Orchid Blues Co-Ords>More by Orchid Blues","4.4","₹4299","This co-ords consists of shirt and Trousers
Pink & blue dyed shirt has shirt collar long sleeves has a button closure
Pink & blue dyed mid-rise Trousers, has slip-on closure","","","","","","","The model (height 5'8) is wearing a size XS","Top Fabric: Polyester
Bottom Fabric: Polyester
Machine Wash","Slip-On","Polyester","Dyed","Trousers","Shirt Collar","Casual"
"1756115228-40","https://www.myntra.com/myntra-fashion-store?f=Categories%3AClothing%20Set%2CCo-Ords%3A%3AColor%3APink_f1a9c4%3A%3AGender%3Amen%20women%2Cwomen&rf=Discount%20Range%3A80.0_100.0_80.0%20TO%20100.0","","Stylecast X KottyTop & Shorts Co-OrdsSizes: SRs. 599Rs. 3999(85% OFF)","https://www.myntra.com/co-ords/stylecast+x+kotty/stylecast-x-kotty-pink-off-shoulder-smocked-crop-top-with-shorts/27910878/buy","Oxolloxo","27910878","₹599","Pink Off Shoulder Smocked Crop Top With Shorts","Home/Clothing/Women Clothing/Co-Ords/Stylecast X Kotty Co-Ords>More by Stylecast X Kotty","3.1","₹3999","This co-ords consists of top and shorts
Pink solid top, has off shoulder, short sleeves, slip-on closure and regular waist hem
Pink solid mid-rise shorts, has slip-on closure and flared hem","","","","","","","The model (height 5'8"") is wearing a size S","Top fabric: Viscose rayon
Bottom fabric: Viscose Rayon
Machine wash","Button","Viscose Rayon","Solid","Shorts","Off-Shoulder","Casual"
"1756115231-41","https://www.myntra.com/myntra-fashion-store?f=Categories%3AClothing%20Set%2CCo-Ords%3A%3AColor%3APink_f1a9c4%3A%3AGender%3Amen%20women%2Cwomen&rf=Discount%20Range%3A80.0_100.0_80.0%20TO%20100.0","","WESTHOODTop With Trousers Co-OrdsSizes: LRs. 686Rs. 4899(85% OFF)Only Few Left!","https://www.myntra.com/co-ords/westhood/westhood-top-with-trousers-co-ords/33718524/buy","","33718524","₹686","Top With Trousers Co-Ords","Home/Clothing/Women Clothing/Co-Ords/WESTHOOD Co-Ords>More by WESTHOOD","4.3","₹4899","This co-ords consists of a top and trousers
Pink solid top, has a round neck and short sleeves
Pink solid trousers, has an elasticated waistband with slip-on closure has 2 pockets","","","","","","","The model (height 5'8"") is wearing a size S","Top fabric: Polyester
Bottom fabric: Polyester
Machine wash","Slip-On","Polyester","Solid","Trousers","Round Neck","2"
"1756115234-42","https://www.myntra.com/myntra-fashion-store?f=Categories%3AClothing%20Set%2CCo-Ords%3A%3AColor%3APink_f1a9c4%3A%3AGender%3Amen%20women%2Cwomen&rf=Discount%20Range%3A80.0_100.0_80.0%20TO%20100.0","","FLAVIA CREATIONPure Cotton Top With TrouserSizes: SRs. 934Rs. 5499(83% OFF)","https://www.myntra.com/co-ords/flavia+creation/flavia-creation-printed-v-neck-long-sleeves-pure-cotton-top-with-trouser/31895535/buy","I like me","31895535","₹934","Printed V-Neck Long Sleeves Pure Cotton Top With Trouser","Home/Clothing/Women Clothing/Co-Ords/FLAVIA CREATION Co-Ords>More by FLAVIA CREATION","","₹5499","This co-ords consists of a top and trouser
Pink and white printed top, has a v-neck and long sleeves
Pink and white printed trousers, has an elasticated waistband with slip-on closure","","","","","","","The model (height 5.8') is wearing a size S","Top Fabric: Pure Cotton 
Bottom Fabric: Pure Cotton 
Hand Wash","Slip-On","Pure Cotton","Printed","Trousers","V-Neck","1 Top 1 Trouser"
"1756115237-43","https://www.myntra.com/myntra-fashion-store?f=Categories%3AClothing%20Set%2CCo-Ords%3A%3AColor%3APink_f1a9c4%3A%3AGender%3Amen%20women%2Cwomen&rf=Discount%20Range%3A80.0_100.0_80.0%20TO%20100.0","","SelviaCausal Co-Ords SetSizes: XLRs. 476Rs. 2890(83% OFF)Only Few Left!","https://www.myntra.com/co-ords/selvia/selvia-square-neck-front-slit-causal-top-and-trouser/23721104/buy","CHOZI","23721104","₹476","Square Neck Front Slit Causal Top And Trouser","Home/Clothing/Women Clothing/Co-Ords/Selvia Co-Ords>More by Selvia","3.9","₹2890","This co-ords consists of top and trouser
Pink solid top, has square neck, puff sleeves, front slit and slip-on closure
Pink solid mid-rise trouser, has slip-on closure and flared hem","","","","","","","The model (height 5'8"") is wearing a size S","Polyester
Machine Wash","Slip-On","Polyester","Solid","Trousers","Square Neck","Long Sleeves"
"1756115239-44","https://www.myntra.com/myntra-fashion-store?f=Categories%3AClothing%20Set%2CCo-Ords%3A%3AColor%3APink_f1a9c4%3A%3AGender%3Amen%20women%2Cwomen&rf=Discount%20Range%3A80.0_100.0_80.0%20TO%20100.0","","PRETTY LOVING THINGPrinted Top With SkirtSizes: XXLRs. 599Rs. 2999(80% OFF)Only Few Left!","https://www.myntra.com/co-ords/pretty+loving+thing/pretty-loving-thing-striped-shoulder-straps-neck-sleeveless-top-with-skirt-/31883588/buy","StyleStone","31883588","₹599","Striped Shoulder Straps Neck Sleeveless Top With Skirt","Home/Clothing/Women Clothing/Co-Ords/PRETTY LOVING THING Co-Ords>More by PRETTY LOVING THING","","₹2999","This co-ords consists of Top and Skirts
Pink & beige printed top, has shoulder strap & sleeveless 
Pink & beige printed skirt, has slip-on closure","","","","","","","The model (height 5'8"") is wearing a size S","Top Fabric: Polyester
Bottom Fabric: Polyester
Machine Wash","Slip-On","Polyester","Printed","Skirt","Shoulder Straps","1 Top 1 Skirt"
"1756115243-45","https://www.myntra.com/myntra-fashion-store?f=Categories%3AClothing%20Set%2CCo-Ords%3A%3AColor%3APink_f1a9c4%3A%3AGender%3Amen%20women%2Cwomen&rf=Discount%20Range%3A80.0_100.0_80.0%20TO%20100.0","","Shiv ali apparelsTunic With Trouser Co-OrdsSizes: XXLRs. 699Rs. 4999(86% OFF)","https://www.myntra.com/co-ords/shiv+ali+apparels/shiv-ali-apparels-women-mandarin-collar-tunic-with-trousers-casual-co-ords-set/31169669/buy","Joomie","31169669","₹699","Women Mandarin Collar Tunic With Trousers Casual Co-Ords Set","Home/Clothing/Women Clothing/Co-Ords/Shiv ali apparels Co-Ords>More by Shiv ali apparels","4.4","₹4999","This co-ords consists of Tunic and trouser
Pink solid Tunic has Mandarin Neck collar, Three quarter Sleeves, Slip-on closure  regular waist hem
Pink solid mid-rise Trouser, slip-on closure and 1 Pocket and flared hem","","","","","","","The model (height 5'8"") is wearing a size S","Top fabric:Cotton Blend
Bottom fabric:Cotton Blend
Machine Wash","Slip-On","Cotton Blend","Solid","Trousers","Mandarin Collar","1 top & 1 bottom"
"1756115246-46","https://www.myntra.com/myntra-fashion-store?f=Categories%3AClothing%20Set%2CCo-Ords%3A%3AColor%3APink_f1a9c4%3A%3AGender%3Amen%20women%2Cwomen&rf=Discount%20Range%3A80.0_100.0_80.0%20TO%20100.0","","FUTUROMandarin Collar Co-OrdsSizes: XLRs. 599Rs. 3999(85% OFF)Only Few Left!","https://www.myntra.com/co-ords/futuro/futuro-mandarin-collar-puff-sleeves-top-with-trousers/30618319/buy","LELA","30618319","₹599","Mandarin Collar Puff Sleeves Top With Trousers","Home/Clothing/Women Clothing/Co-Ords/FUTURO Co-Ords>More by FUTURO","","₹3999","This co-ords consists of top and trousers
pink solid top, has v-neck, puff three-quarter, and regular waist hem
pink solid mid-rise trousers, has slip-on closure and flared hem","","","","","","","The model (height 5'8"") is wearing a size M","Top Fabric: Viscose Rayon 
Bottom Fabric: Viscose Rayon
Machine Wash","Slip-On","Cotton Blend","Solid","Trousers","Has a lining","Casual"
"1756115249-47","https://www.myntra.com/myntra-fashion-store?f=Categories%3AClothing%20Set%2CCo-Ords%3A%3AColor%3APink_f1a9c4%3A%3AGender%3Amen%20women%2Cwomen&rf=Discount%20Range%3A80.0_100.0_80.0%20TO%20100.0","","Global DesiPrinted Top With Maxi SkirtSizes: XLRs. 997Rs. 3990(75% OFF)Only Few Left!","https://www.myntra.com/co-ords/global+desi/global-desi-geometric-printed-top-with-maxi-skirt/27548644/buy","Ethnovog","27548644","₹997","Geometric Printed Top With Maxi Skirt","Home/Clothing/Women Clothing/Co-Ords/Global Desi Co-Ords>More by Global Desi","4.0","₹3990","This co-ord set consists of Top and Skirt
Pink and white geometric printed top, has a v-neck, three-quarter sleeves, tie-up closure
Pink and white geometric printed skirt, has a slip-on closure, side slits","","","","","","","The model (height 5'8) is wearing a size S","Top fabric: Viscose Rayon
Bottom fabric: Viscose Rayon
Machine Wash","Slip-On","Viscose Rayon","Printed","Skirt","V-Neck","Casual"
"1756115253-48","https://www.myntra.com/myntra-fashion-store?f=Categories%3AClothing%20Set%2CCo-Ords%3A%3AColor%3APink_f1a9c4%3A%3AGender%3Amen%20women%2Cwomen&rf=Discount%20Range%3A80.0_100.0_80.0%20TO%20100.0","","Atha FashionTop With Trousers Co-OrdsSizes: MRs. 1000Rs. 10000(90% OFF)Only Few Left!","https://www.myntra.com/co-ords/atha+fashion/atha-fashion-printed-v-neck-rosy-ember-top-with-trousers-co-ords/34641379/buy","","34641379","₹1000","Printed V Neck Rosy Ember Top With Trousers Co-Ords","Home/Clothing/Women Clothing/Co-Ords/Atha Fashion Co-Ords>More by Atha Fashion","","₹10000","This co-ords consists of a top and trousers
Pink printed top, has v neck and three quarter sleeves, secured with slip on closure
Pink printed trousers, has an elasticated waistband with slip on closure","","","","","","","The model (height 5'8"") is wearing size S","Top Fabric: Cotton Blend
Bottom Fabric: Cotton Blend
Machine Wash","Slip-On","Cotton Blend","Printed","Trousers","V-Neck","2"
"1756115256-49","https://www.myntra.com/myntra-fashion-store?f=Categories%3AClothing%20Set%2CCo-Ords%3A%3AColor%3APink_f1a9c4%3A%3AGender%3Amen%20women%2Cwomen&rf=Discount%20Range%3A80.0_100.0_80.0%20TO%20100.0","","BROOWLWomen  Pure Cotton Solid Co-OrdsSizes: SRs. 1500Rs. 7899(81% OFF)","https://www.myntra.com/co-ords/broowl/broowl-women-pink--pure-cotton-solid-co-ords/20257228/buy","FABINALIV","20257228","₹1500","Women Pink  Pure Cotton Solid Co-Ords","Home/Clothing/Women Clothing/Co-Ords/BROOWL Co-Ords>More by BROOWL","","₹7899","This co-ord set consists of a top and a trouser
Pink solid top, has a Round neck, Long sleevess and slip-on closure
Pink solid trouser, has a partially elasticated waistband with Draw String closure","","","","","","","The model (height 5'8"") is wearing a size M","100% Cotton
Machine-wash","Drawstring","Wool Blend","Self Design","Trousers","Round Neck","Pastels"
"1756115259-50","https://www.myntra.com/myntra-fashion-store?f=Categories%3AClothing%20Set%2CCo-Ords%3A%3AColor%3APink_f1a9c4%3A%3AGender%3Amen%20women%2Cwomen&rf=Discount%20Range%3A80.0_100.0_80.0%20TO%20100.0","","Clora CreationFloral Printed Co-OrdsSizes: MRs. 593Rs. 3999(Rs. 3406 OFF)Only Few Left!","https://www.myntra.com/co-ords/clora+creation/clora-creation-floral-printed-shirt-with-trouser-/30225965/buy","STIL O STITCH","30225965","₹593","Floral Printed Shirt With Trouser","Home/Clothing/Women Clothing/Co-Ords/Clora Creation Co-Ords>More by Clora Creation","3.7","₹3999","This co-ords consists of a shirt with trousers
Pink and off-white floral printed shirt has three quarter sleeves, Shirt Collar and button closure
Pink and off-white floral printed trousers has an elasticated waistband with a slip-on closure","","","","","","","The model (height 5'7"") is wearing a size 36","Top Fabric: Viscose Rayon
Bottom Fabric: Viscose Rayon
Hand Wash","Slip-On","Viscose Rayon","Printed","Trousers","Shirt Collar","Casual"
"1756115262-51","https://www.myntra.com/myntra-fashion-store?f=Categories%3AClothing%20Set%2CCo-Ords%3A%3AColor%3APink_f1a9c4%3A%3AGender%3Amen%20women%2Cwomen&rf=Discount%20Range%3A80.0_100.0_80.0%20TO%20100.0","","ANNSH APPARELPrinted Tunic With TrousersSizes: XXLRs. 599Rs. 2999(Rs. 2400 OFF)","https://www.myntra.com/co-ords/annsh+apparel/annsh-apparel-floral-printed-notched-round-neck-tunic-with-trousers/31569515/buy","ARTKLIM","31569515","₹599","Floral Printed Notched Round Neck Tunic With Trousers","Home/Clothing/Women Clothing/Co-Ords/ANNSH APPAREL Co-Ords>More by ANNSH APPAREL","","₹2999","This co-ords consists of a tunic and trousers
Pink and green  floral printed tunic, has a notched round neck and three-quarter sleeves
Pink and green floral printed trousers, has an partially elasticated waistband with drawstring closure","","","","","","","The model (height 5'8"") is wearing a size S","Top Fabric: Viscose Rayon
Bottom Fabric: Viscose Rayon
Hand Wash","Drawstring","Viscose Rayon","Printed","Trousers","Round Neck","1 top and 1 pant"
"1756115265-52","https://www.myntra.com/myntra-fashion-store?f=Categories%3AClothing%20Set%2CCo-Ords%3A%3AColor%3APink_f1a9c4%3A%3AGender%3Amen%20women%2Cwomen&rf=Discount%20Range%3A80.0_100.0_80.0%20TO%20100.0","","ANNSH APPARELPrinted Tunic With TrousersSizes: XXLRs. 599Rs. 2999(Rs. 2400 OFF)","https://www.myntra.com/co-ords/annsh+apparel/annsh-apparel-floral-printed-notched-round-neck-tunic-with-trousers/31569528/buy","zebu","31569528","₹599","Floral Printed Notched Round Neck Tunic With Trousers","Home/Clothing/Women Clothing/Co-Ords/ANNSH APPAREL Co-Ords>More by ANNSH APPAREL","3.6","₹2999","This co-ords consists of a tunic and trousers
Pink and white floral printed tunic, has a notched round neck and three-quarter sleeves
Pink and white floral printed trousers, has an partially elasticated waistband with drawstring closure","","","","","","","The model (height 5'8"") is wearing a size S","Top Fabric: Viscose Rayon
Bottom Fabric: Viscose Rayon
Hand Wash","Drawstring","Viscose Rayon","Printed","Trousers","Round Neck","Floral"
"1756115268-53","https://www.myntra.com/myntra-fashion-store?f=Categories%3AClothing%20Set%2CCo-Ords%3A%3AColor%3APink_f1a9c4%3A%3AGender%3Amen%20women%2Cwomen&rf=Discount%20Range%3A80.0_100.0_80.0%20TO%20100.0","","Clora CreationPrinted Shirt With TrouserSizes: MRs. 593Rs. 3999(Rs. 3406 OFF)Only Few Left!","https://www.myntra.com/co-ords/clora+creation/clora-creation-shirt-collar-printed-shirt-with-trousers/31667396/buy","HERE&NOW","31667396","₹593","Shirt Collar Printed Shirt With Trousers","Home/Clothing/Women Clothing/Co-Ords/Clora Creation Co-Ords>More by Clora Creation","","₹3999","This co-ords consists of a Printed Shirt with Trousers
Pink and cream floral printed shirt has three quarter sleeves, Shirt Collar and button closure
Pink and cream floral printed trousers has elasticated waistband and slip-on closure.","","","","","","","The model (height 5'8"") is wearing a size S","Top Fabric: Viscose Rayon
Bottom Fabric: Viscose Rayon
Hand Wash","Slip-On","Viscose Rayon","Printed","Trousers","Shirt Collar","Casual"
"1756115271-54","https://www.myntra.com/myntra-fashion-store?f=Categories%3AClothing%20Set%2CCo-Ords%3A%3AColor%3APink_f1a9c4%3A%3AGender%3Amen%20women%2Cwomen&rf=Discount%20Range%3A80.0_100.0_80.0%20TO%20100.0","","Clora CreationAbstract Printed Co-OrdsSizes: LRs. 593Rs. 3999(Rs. 3406 OFF)Only Few Left!","https://www.myntra.com/co-ords/clora+creation/clora-creation-abstract-printed-shirt-with-trousers/24478528/buy","CHOZI","24478528","₹593","Abstract Printed Shirt With Trousers","Home/Clothing/Women Clothing/Co-Ords/Clora Creation Co-Ords>More by Clora Creation","","₹3999","This co-ord set consists of a shirt and trousers
Pink and white abstract printed shirt, has shirt collar with button placket, three-quarter sleeves with button cuffs and curved hem
Pink and white printed trousers has elasticated waistband with slip-on closure and 1 pocket","","","","","","","The model (height 5'8"") is wearing a size M","Cotton Blend
Hand Wash","Slip-On","Cotton Blend","Printed","Trousers","Shirt Collar","Casual"
"1756115274-55","https://www.myntra.com/myntra-fashion-store?f=Categories%3AClothing%20Set%2CCo-Ords%3A%3AColor%3APink_f1a9c4%3A%3AGender%3Amen%20women%2Cwomen&rf=Discount%20Range%3A80.0_100.0_80.0%20TO%20100.0","","TIKODIStriped NightsuitsSizes: XLRs. 499Rs. 2899(82% OFF)Only Few Left!","https://www.myntra.com/co-ords/tikodi/tikodi-striped-nightsuits/30516978/buy","FIMS","30516978","₹499","Striped Nightsuits","Home/Clothing/Women Clothing/Co-Ords/TIKODI Co-Ords>More by TIKODI","4.1","₹2899","Pink and white printed nightwear consists of shirt and pyjama
Pink and white printed shirt, has lapel collar, Three-Quarter Sleeves and straight hem
Pink and white printed pyjama, has a slip on closure","","","","","","","The model (height 5'8') is wearing a size M","Top Fabric: Poly Cotton,
Bottom Fabric: Poly Cotton
Hand Wash","Slip-On","Pure Cotton","Checked","Trousers","V-Neck","Casual"
"1756115277-56","https://www.myntra.com/myntra-fashion-store?f=Categories%3AClothing%20Set%2CCo-Ords%3A%3AColor%3APink_f1a9c4%3A%3AGender%3Amen%20women%2Cwomen&rf=Discount%20Range%3A80.0_100.0_80.0%20TO%20100.0","","A PLUS BY AHALYAAWomen Tunic & Sharara SetSizes: 6XLRs. 1799Rs. 10000(Rs. 8201 OFF)Only Few Left!","https://www.myntra.com/co-ords/a+plus+by+ahalyaa/a-plus-by-ahalyaa-women-plus-size-printed-tunic-with-sharara-ethnic-co-ords-set/26754650/buy","VAMA","26754650","₹1799","Women Plus Size Printed Tunic With Sharara Ethnic Co-Ords Set","Home/Clothing/Women Clothing/Co-Ords/A PLUS BY AHALYAA Co-Ords>More by A PLUS BY AHALYAA","","₹10000","This co-ords set consists of tunic and sharara
Pink and gold printed tunic, has a v-neck, three-quarter sleeves,
Pink and gold printed sharara, has a slip-on closure","","","","","","","Size worn by the model: 3XL
Chest: 41''
Waist: 36''
Hips: 46.5''
Height: 5'8""","Poly Crepe
       Hand Wash","Slip-On","Polyester","Printed","Palazzos","V-Neck","1-tunic 1-sharara"
"1756115280-57","https://www.myntra.com/myntra-fashion-store?f=Categories%3AClothing%20Set%2CCo-Ords%3A%3AColor%3APink_f1a9c4%3A%3AGender%3Amen%20women%2Cwomen&rf=Discount%20Range%3A80.0_100.0_80.0%20TO%20100.0","","HOUSE OF MIRAPrinted Shirt & TrouserSizes: LRs. 448Rs. 3199(85% OFF)Only Few Left!","https://www.myntra.com/co-ords/house+of+mira/house-of-mira-tropical-printed-longline-shirt--trouser/27378168/buy","indian flower","27378168","₹448","Tropical Printed Longline Shirt & Trouser","Home/Clothing/Women Clothing/Co-Ords/HOUSE OF MIRA Co-Ords>More by HOUSE OF MIRA","4.1","₹3199","Pink and white printed co-ords has shirt and trouser
Pink and white tropical printed shirt, has a shirt collar, button closure and long sleeves
Pink and white tropical printed mid-rise trousers, has elasticated waistband with slip-on closure and 2 side pockets","","","","","","","The model (height 5'8"") is wearing a size M","Top Fabric: Polyester
Bottom Fabric: Polyester
Machine Wash","Slip-On","Polyester","Printed","Trousers","Shirt Collar","Casual"
"1756115283-58","https://www.myntra.com/myntra-fashion-store?f=Categories%3AClothing%20Set%2CCo-Ords%3A%3AColor%3APink_f1a9c4%3A%3AGender%3Amen%20women%2Cwomen&rf=Discount%20Range%3A80.0_100.0_80.0%20TO%20100.0","","SelviaTop With Trousers Co-OrdsSizes: SRs. 538Rs. 5380(90% OFF)Only Few Left!","https://www.myntra.com/co-ords/selvia/selvia-top-with-trousers-co-ords/30011958/buy","Zastraa","30011958","₹538","Top With Trousers Co-Ords","Home/Clothing/Women Clothing/Co-Ords/Selvia Co-Ords>More by Selvia","4.1","₹5380","This co-ords consists of top and trousers
Pink solid top, has short sleeves, slip-on closure and regular waist hem
Pink solid mid-rise trousers, has button closure and flared hem","","","","","","","The model (height 5'8"") is wearing a size S","Top Fabric: Polyester
Bottom Fabric: Polyester
Hand Wash","Button","Polyester","Solid","Trousers","Has a lining","2"
"1756115286-59","https://www.myntra.com/myntra-fashion-store?f=Categories%3AClothing%20Set%2CCo-Ords%3A%3AColor%3APink_f1a9c4%3A%3AGender%3Amen%20women%2Cwomen&rf=Discount%20Range%3A80.0_100.0_80.0%20TO%20100.0","","Clora CreationPrinted Top & Trouser Co-OrdsSizes: XLRs. 593Rs. 3999(Rs. 3406 OFF)Only Few Left!","https://www.myntra.com/co-ords/clora+creation/clora-creation-women-floral-printed-three-quarter-sleeve-top--trouser-co-ords/29584896/buy","NIGHT FLOSS","29584896","₹593","Women Floral Printed Three Quarter Sleeve Top & Trouser Co-Ords","Home/Clothing/Women Clothing/Co-Ords/Clora Creation Co-Ords>More by Clora Creation","","₹3999","This co-ords consists of Shirt and Trouser
Pink Floral Printed shirt, has Shirt collar Three Quarter sleeves full placket Button closure and regular waist hem
Pink Floral Printed mid-rise Trouser, has Slip on closure","","","","","","","The model (height 5'8"") is wearing a size 38","Top Fabric: Viscose Rayon
Bottom Fabric: Viscose Rayon
Hand wash","Slip-On","Viscose Rayon","Printed","Trousers","Shirt Collar","Casual"
"1756115289-60","https://www.myntra.com/myntra-fashion-store?f=Categories%3AClothing%20Set%2CCo-Ords%3A%3AColor%3APink_f1a9c4%3A%3AGender%3Amen%20women%2Cwomen&rf=Discount%20Range%3A80.0_100.0_80.0%20TO%20100.0","","HOUSE OF MIRAPrinted Shirt & TrouserSizes: XLRs. 448Rs. 3199(85% OFF)","https://www.myntra.com/co-ords/house+of+mira/house-of-mira-geometric-printed-roll-up-sleeves-shirt--trouser/27378184/buy","MINT STREET","27378184","₹448","Geometric Printed Roll Up Sleeves Shirt & Trouser","Home/Clothing/Women Clothing/Co-Ords/HOUSE OF MIRA Co-Ords>More by HOUSE OF MIRA","3.2","₹3199","Pink and white printed co-ords has shirt and trousers
Pink and white geometric printed shirt, has a shirt collar, button closure and short sleeves, 2 chest pocket 
Pink and white geometric printed mid-rise trousers, has elasticated waistband with slip-on closure and 2 side pockets","","","","","","","The model (height 5'8"") is wearing a size S","Top Fabric: Polyester
Bottom Fabric: Polyester
Machine Wash","Slip-On","Polyester","Printed","Trousers","Shirt Collar","Casual"
"1756115293-61","https://www.myntra.com/myntra-fashion-store?f=Categories%3AClothing%20Set%2CCo-Ords%3A%3AColor%3APink_f1a9c4%3A%3AGender%3Amen%20women%2Cwomen&rf=Discount%20Range%3A80.0_100.0_80.0%20TO%20100.0","","mokshiPrinted Tunic With PalazzosSizes: SRs. 549Rs. 4999(89% OFF)","https://www.myntra.com/co-ords/mokshi/mokshi-floral-printed-tunic-with-palazzos/31158008/buy","HERE&NOW","31158008","₹549","Floral Printed Tunic With Palazzos","Home/Clothing/Women Clothing/Co-Ords/mokshi Co-Ords>More by mokshi","4.1","₹4999","Product Details 
This co-ord set consists of a tunic & palazzos
Pink printed tunic, has a shirt collar, three-quarter sleeves with a button closure
Pink printed palazzos, elasticated waistband with a slip-on closure","","","","","","","The model (height 5'8"") is wearing a size S","100% Viscose Rayon
Hand Wash","Slip-On","Viscose Rayon","Printed","Palazzos","Shirt Collar","Tunic With Palazzos"
"1756115296-62","https://www.myntra.com/myntra-fashion-store?f=Categories%3AClothing%20Set%2CCo-Ords%3A%3AColor%3APink_f1a9c4%3A%3AGender%3Amen%20women%2Cwomen&rf=Discount%20Range%3A80.0_100.0_80.0%20TO%20100.0","","Moda RapidoShirt With Shorts Co-OrdsSizes: SRs. 399Rs. 1999(Rs. 1600 OFF)","https://www.myntra.com/co-ords/moda+rapido/moda-rapido-printed-shirt-with-shorts-co-ords-/34511166/buy","","34511166","₹399","Printed Shirt With Shorts Co-Ords","Home/Clothing/Women Clothing/Co-Ords/Moda Rapido Co-Ords>More by Moda Rapido","","₹1999","This co-ords consists of a shirt and trousers
Pink & purple printed shirt, has a shirt collar- neck and long sleeves, Secured with button closure
Pink & purple printed trousers, has an elasticated waistband with slip-on closure","","","","","","","The model (height 5'8"") is wearing a size S","Top fabric: Polyester
Bottom fabric: Polyester
Regular machine wash","Slip-On","Polyester","Printed","Trousers","Mandarin Collar","1"
"1756115299-63","https://www.myntra.com/myntra-fashion-store?f=Categories%3AClothing%20Set%2CCo-Ords%3A%3AColor%3APink_f1a9c4%3A%3AGender%3Amen%20women%2Cwomen&rf=Discount%20Range%3A80.0_100.0_80.0%20TO%20100.0","","FLAVIA CREATIONShirt With Trousers Co-OrdsSizes: SRs. 989Rs. 5499(82% OFF)","https://www.myntra.com/co-ords/flavia+creation/flavia-creation-printed-round-neck-shirt-with-trousers-co-ords/33861366/buy","","33861366","₹989","Printed Round Neck Shirt With Trousers Co-Ords","Home/Clothing/Women Clothing/Co-Ords/FLAVIA CREATION Co-Ords>More by FLAVIA CREATION","","₹5499","This co-ords consists of a shirt and trouser 
Pink and grey printed shirt, has a collar neck and three-quarter sleeves
Pink and grey printed trouser, has an elasticated waistband with slip-on closure has 2 pockets","","","","","","","The model (height 5'8"") is wearing a size S","Top fabric: Pure cotton
Bottom fabric: Pure cotton
Hand wash","Slip-On","Pure Cotton","Printed","Trousers","Shirt Collar","2"
